n,time,AF3_theta,AF3_alpha,AF3_betaL,AF3_betaH,AF3_gamma,T7_theta,T7_alpha,T7_betaL,T7_betaH,T7_gamma,Pz_theta,Pz_alpha,Pz_betaL,Pz_betaH,Pz_gamma,T8_theta,T8_alpha,T8_betaL,T8_betaH,T8_gamma,AF4_theta,AF4_alpha,AF4_betaL,AF4_betaH,AF4_gamma
0,50,1761,476,133,13,15,23,3,1,0,0,5,6,3,10,5,0,0,0,0,0,57,7,7,7,9
1,175,1843,494,137,15,17,25,3,1,1,0,6,6,3,11,5,0,0,0,0,0,64,8,8,6,8
2,296,1665,440,122,15,16,24,3,1,1,0,6,6,3,11,5,0,0,0,0,0,65,9,8,5,7
3,423,1274,333,93,14,15,20,3,1,1,0,5,5,2,12,5,0,0,0,0,0,59,9,8,4,5
4,547,824,209,60,13,12,14,3,1,1,0,5,4,2,13,5,0,0,0,0,0,48,9,8,3,4
5,673,424,106,31,10,8,9,2,0,1,0,6,5,2,14,7,0,0,0,0,0,37,9,7,3,3
6,801,174,42,14,8,6,6,3,0,1,1,10,9,3,15,10,0,0,0,0,0,31,10,6,3,2
7,922,58,17,7,6,4,7,4,0,1,1,17,15,5,16,16,0,0,0,0,0,31,12,5,3,2
8,1050,39,16,7,5,3,9,6,1,1,1,27,22,8,16,21,0,0,0,0,0,41,16,5,3,2
9,1173,48,23,9,4,3,11,10,1,1,1,38,30,11,16,26,0,0,0,0,0,56,22,6,3,2
10,1300,61,30,11,4,3,14,14,1,1,1,47,36,13,15,27,0,0,0,0,0,73,29,8,3,2
11,1423,71,37,14,4,3,16,19,2,1,1,51,39,14,13,25,0,0,0,0,0,86,36,10,3,2
12,1547,78,43,16,3,2,18,21,3,1,1,51,39,14,10,21,0,0,0,0,0,92,42,12,3,2
13,1675,82,44,18,3,2,17,22,3,1,1,45,36,12,7,15,1,0,0,0,0,93,44,14,3,2
14,1798,81,43,19,3,2,15,20,3,1,1,36,32,10,5,9,2,0,0,0,0,87,42,15,2,1
15,1921,78,38,18,2,1,13,16,2,1,0,26,26,8,4,5,6,0,0,0,1,77,38,16,2,1
16,2048,71,32,17,2,1,9,11,2,1,0,18,20,5,3,3,10,1,1,0,1,64,31,15,2,1
17,2173,60,25,14,2,1,6,7,1,1,0,11,15,3,2,2,17,2,1,1,2,51,24,13,1,1
18,2297,48,19,11,1,1,3,3,1,1,0,7,10,2,2,2,21,3,1,1,2,37,17,11,1,1
19,2423,36,14,8,1,1,1,1,0,1,0,4,7,1,2,2,27,3,1,1,2,27,12,8,1,1
20,2547,26,10,6,1,1,1,1,0,0,0,3,5,1,2,2,25,4,1,1,2,19,8,6,1,1
21,2674,19,8,4,1,1,0,1,0,0,0,2,4,1,2,2,24,4,1,1,2,14,6,4,1,1
22,2801,16,6,3,1,1,0,1,0,0,0,3,3,0,2,2,18,4,1,1,1,12,4,3,1,1
23,2921,14,5,2,1,1,1,1,0,0,0,3,3,0,2,2,14,3,1,1,2,11,4,2,1,1
24,3047,12,5,2,1,1,1,1,0,0,0,3,2,0,2,2,9,3,1,1,2,11,4,2,1,1
25,3173,11,6,1,1,1,1,1,1,0,0,2,2,0,2,2,6,2,1,2,3,10,5,2,1,1
26,3298,10,6,1,1,1,1,0,1,0,0,2,2,0,2,2,4,1,1,2,5,11,5,2,1,1
27,3422,11,6,1,1,1,1,0,0,0,0,2,2,1,3,2,3,1,1,3,6,13,5,2,1,1
28,3547,12,6,1,1,1,1,0,0,0,0,2,1,1,3,2,2,1,1,3,6,15,5,2,1,1
29,3673,13,5,1,1,1,1,0,0,0,0,2,1,1,2,2,2,1,0,3,6,18,4,2,1,1
30,3810,16,5,2,1,1,1,0,0,0,0,2,1,1,2,2,1,1,0,2,6,21,4,3,1,1
31,3921,20,4,2,1,1,1,0,1,0,0,2,1,1,2,2,2,1,0,2,5,25,4,3,1,1
32,4048,26,4,3,1,1,1,0,1,0,0,2,1,1,2,2,1,1,0,2,4,28,3,3,1,1
33,4174,34,4,3,1,1,0,0,1,0,0,2,1,1,2,2,1,0,0,2,3,33,3,3,1,1
34,4297,42,4,3,1,2,0,0,1,0,0,2,1,1,2,2,1,0,0,2,3,35,3,3,2,2
35,4423,47,4,3,1,2,1,0,1,0,0,2,1,1,2,2,1,0,0,2,3,37,3,3,2,2
36,4548,48,4,3,2,2,1,0,1,0,0,2,1,1,2,2,1,0,0,2,3,34,3,3,2,2
37,4673,43,4,3,2,2,1,0,1,0,0,2,2,1,2,2,1,0,0,2,4,29,3,3,2,2
38,4799,35,4,3,2,2,1,0,1,0,0,2,2,1,2,3,1,0,0,2,4,22,3,3,2,2
39,4922,24,3,3,1,1,1,0,1,0,0,3,2,1,2,2,1,0,0,2,5,15,3,3,1,2
40,5047,15,3,3,1,1,1,1,1,0,0,3,2,1,2,2,1,0,0,2,6,10,3,3,1,1
41,5172,9,4,3,1,1,1,1,0,0,0,3,2,1,2,2,2,1,0,2,7,8,3,2,1,1
42,5296,7,4,3,1,1,1,1,0,1,0,2,2,1,2,2,2,1,0,3,8,8,3,2,1,1
43,5424,7,4,3,1,1,1,1,0,1,0,2,1,1,2,2,4,1,1,3,8,8,4,2,1,1
44,5547,7,5,3,1,1,1,1,0,1,0,1,1,0,2,2,4,1,1,3,8,9,4,3,1,1
45,5673,9,6,4,1,1,1,1,1,1,0,1,1,0,2,2,6,1,1,3,8,10,4,4,1,1
46,5804,11,7,6,1,1,1,1,1,1,0,1,1,0,2,2,6,1,1,3,7,10,5,6,1,1
47,5922,12,7,7,1,1,1,1,1,1,0,1,1,1,1,2,7,1,1,3,6,10,5,7,1,1
48,6047,13,7,8,1,1,1,1,1,1,0,1,1,1,1,2,7,1,1,2,5,10,5,7,1,1
49,6174,13,7,8,1,1,1,1,1,1,0,1,1,1,1,2,7,1,1,2,4,11,5,8,1,1
50,6297,12,6,7,1,1,1,1,1,1,0,1,1,1,1,2,7,1,1,2,3,10,5,7,1,1
51,6424,11,5,6,1,1,1,1,1,1,0,1,1,1,1,2,6,2,1,1,2,10,4,6,1,1
52,6547,10,4,4,0,1,1,1,1,1,0,1,2,1,1,2,6,2,1,1,1,9,4,4,1,1
53,6673,9,3,3,0,1,1,1,1,0,0,1,2,1,2,2,6,2,1,1,1,8,3,3,0,1
54,6797,8,3,2,0,1,1,1,0,0,0,1,2,1,2,2,6,2,1,1,1,7,3,2,0,1
55,6921,7,3,2,1,1,1,1,0,0,0,1,2,1,2,2,7,2,1,1,1,6,3,2,1,1
56,7048,7,3,3,1,1,2,1,0,0,0,1,2,1,2,2,7,2,1,1,1,6,3,1,1,1
57,7173,9,5,3,1,1,2,1,0,0,0,1,2,1,2,2,8,2,1,1,1,7,4,1,1,1
58,7297,12,6,3,1,1,2,1,0,0,0,1,2,1,2,2,8,2,1,1,1,10,6,2,1,1
59,7423,16,8,4,1,1,2,1,1,0,0,1,2,1,2,3,8,2,1,1,1,14,8,2,1,1
60,7548,21,10,4,1,1,2,0,1,0,0,1,2,1,2,2,7,2,1,1,1,17,9,2,1,1
61,7672,23,11,4,1,1,1,0,1,0,0,1,2,1,1,2,6,2,1,1,1,18,9,2,1,1
62,7797,22,10,3,1,1,1,0,1,0,0,1,1,1,1,2,5,2,1,1,1,18,8,2,1,1
63,7923,19,9,3,1,1,1,0,0,0,0,1,1,0,1,2,4,2,1,1,1,15,7,2,1,1
64,8048,14,7,3,1,1,1,0,0,0,0,1,1,0,1,2,4,2,1,1,1,12,5,2,1,0
65,8172,9,5,2,0,0,1,0,0,0,0,1,1,0,1,2,4,3,1,1,1,8,4,2,0,0
66,8297,6,4,2,0,0,1,0,0,0,0,1,2,0,1,2,5,4,2,1,1,5,3,2,0,0
67,8423,3,3,2,0,0,1,0,0,0,0,1,1,0,1,2,6,5,2,1,1,4,3,2,0,0
68,8547,3,3,1,1,0,1,0,0,0,0,1,1,0,1,2,7,5,2,1,1,4,3,1,0,0
69,8673,3,3,1,1,0,1,0,0,0,0,1,1,0,1,2,8,6,2,1,1,4,3,1,0,0
70,8797,3,3,1,1,0,0,1,0,1,0,2,1,0,1,2,8,6,1,1,1,5,4,1,0,0
71,8921,4,3,1,1,0,0,1,0,1,0,2,1,0,1,2,8,6,1,1,1,5,4,1,0,0
72,9047,6,4,1,0,0,0,1,1,1,0,2,1,0,1,2,6,5,1,1,1,6,4,1,0,0
73,9173,12,5,2,0,1,0,1,1,1,0,3,1,1,1,2,5,4,1,1,1,10,5,2,0,0
74,9297,23,6,2,0,1,0,1,1,1,0,3,1,1,1,2,4,2,1,1,1,18,5,2,0,0
75,9422,41,8,3,0,1,0,0,1,0,0,2,1,1,1,2,4,2,1,1,1,30,6,2,0,0
76,9548,59,9,3,0,1,0,0,1,0,0,2,1,1,1,2,4,1,1,1,1,41,6,3,0,0
77,9674,73,11,4,1,1,1,0,0,0,0,2,1,1,1,2,4,1,1,1,1,50,7,3,0,0
78,9804,77,12,4,1,1,1,0,0,0,0,2,1,1,1,2,4,2,1,1,1,52,8,3,1,0
79,9922,72,12,3,1,1,1,0,0,0,0,2,1,1,1,2,4,3,1,1,1,47,9,2,1,0
80,10048,57,11,3,1,1,1,0,0,0,0,2,1,1,1,2,5,4,1,1,1,38,9,2,1,0
81,10172,39,10,2,1,1,1,0,0,0,0,2,2,1,1,2,6,5,1,1,1,26,8,2,1,0
82,10298,23,8,2,1,0,1,0,0,0,0,2,2,1,1,2,7,5,1,1,1,17,7,1,1,0
83,10422,13,6,1,1,0,1,1,0,0,0,2,2,1,1,2,8,5,1,1,1,10,6,1,1,0
84,10548,8,5,1,1,0,1,1,1,0,0,2,1,1,1,2,8,5,1,1,1,8,5,1,1,0
85,10674,7,4,1,1,0,1,1,1,0,0,2,1,1,1,2,8,4,1,1,1,7,4,1,1,0
86,10810,7,3,1,0,0,1,1,1,0,0,2,1,1,1,2,7,4,1,1,1,7,3,2,1,0
87,10922,7,3,2,0,0,1,1,1,0,0,2,1,1,1,2,6,4,1,1,1,6,3,2,1,0
88,11047,7,2,2,0,0,1,1,1,0,0,2,1,0,1,2,5,3,1,1,1,6,3,2,1,0
89,11173,7,2,3,0,0,1,1,1,0,0,1,1,1,2,2,6,3,1,1,1,6,2,3,0,0
90,11298,6,2,3,0,0,1,1,1,0,0,1,1,1,2,2,7,3,1,1,1,6,2,3,0,0
91,11423,7,2,4,0,0,1,1,1,1,0,1,1,1,2,2,8,3,1,1,1,7,2,4,0,0
92,11548,7,3,4,0,0,1,1,1,1,0,1,1,1,2,2,9,3,1,1,1,7,3,4,0,0
93,11672,8,3,3,1,0,1,1,1,1,0,1,1,1,2,2,9,3,1,1,1,7,3,3,0,0
94,11798,10,3,3,1,0,1,1,1,1,0,1,1,1,2,2,9,3,1,1,1,7,3,3,1,0
95,11923,13,4,2,1,0,1,1,0,1,0,1,1,1,2,2,9,3,2,1,1,9,3,2,1,0
96,12047,17,5,2,1,0,1,1,0,1,0,1,1,1,2,2,9,2,2,1,1,11,3,2,1,0
97,12172,20,5,1,1,0,1,1,0,1,0,1,1,1,2,2,9,2,2,1,1,12,3,1,1,0
98,12299,21,6,2,1,0,1,1,0,1,0,1,1,1,2,2,9,1,1,1,1,14,3,1,1,0
99,12424,21,6,2,1,0,1,0,1,0,0,1,1,1,2,2,8,1,1,1,1,13,3,1,1,0
100,12548,19,5,2,1,0,1,0,1,0,0,1,1,1,2,2,8,1,1,1,1,12,3,2,1,0
101,12673,17,5,3,1,0,1,0,1,0,0,1,0,1,2,2,7,1,1,1,1,9,2,2,1,0
102,12798,14,4,4,1,0,1,0,1,0,0,1,0,1,1,2,5,1,1,1,1,6,2,2,1,0
103,12922,12,3,4,1,0,1,0,1,0,0,2,0,1,1,1,4,2,1,0,1,4,1,3,1,0
104,13047,11,3,5,1,0,1,0,1,0,0,2,0,1,1,1,4,1,1,0,1,4,1,3,1,0
105,13172,10,2,4,1,0,1,0,1,0,0,2,0,1,1,1,5,1,1,0,1,4,1,3,1,0
106,13297,9,2,4,1,0,1,0,1,1,0,2,0,1,1,2,5,1,1,0,1,5,1,3,1,0
107,13423,8,2,4,1,0,1,1,1,1,0,1,0,1,1,2,6,1,2,1,1,5,1,3,1,0
108,13547,7,2,3,1,0,1,1,1,0,0,1,0,1,1,2,7,1,2,1,1,6,1,3,1,0
109,13672,7,2,3,1,0,1,1,1,0,0,1,0,1,1,2,8,1,2,1,1,7,2,3,1,0
110,13798,7,3,3,1,0,1,1,1,0,0,1,1,1,1,2,8,1,2,1,1,8,2,3,1,0
111,13923,7,3,3,1,0,1,1,1,0,0,1,1,1,1,1,7,1,1,1,1,8,3,3,1,0
112,14048,8,4,3,1,0,1,1,1,0,0,1,1,0,1,1,6,1,1,1,1,9,3,3,1,0
113,14174,9,4,4,1,0,1,1,1,0,0,1,1,0,1,1,5,2,1,1,1,9,3,4,1,0
114,14297,9,4,4,1,0,0,1,1,0,0,1,1,0,1,2,4,2,1,1,1,10,3,4,1,0
115,14422,9,3,3,1,0,0,1,1,0,0,1,1,0,1,2,4,3,0,1,1,11,2,4,1,0
116,14548,8,3,3,1,0,0,1,0,0,0,2,1,0,1,2,4,4,0,1,1,10,2,3,1,0
117,14672,7,2,3,1,0,1,1,0,0,0,2,2,0,1,2,5,4,0,1,1,9,2,3,1,0
118,14804,6,2,2,1,0,1,0,0,0,0,2,2,0,1,2,5,5,0,1,1,8,2,2,0,0
119,14922,5,2,2,1,0,1,0,0,0,0,2,2,0,1,2,5,4,0,1,1,6,1,2,0,0
120,15047,4,2,2,1,0,2,0,0,0,0,1,1,0,1,2,4,4,0,1,1,5,1,2,0,0
121,15172,4,2,2,1,0,2,0,0,0,0,1,1,0,1,1,4,4,0,1,1,4,1,2,0,0
122,15297,5,2,2,1,0,2,0,0,0,0,1,1,0,1,1,3,4,0,1,1,3,1,2,0,0
123,15424,5,2,2,1,0,2,0,0,0,0,1,1,0,1,2,3,3,0,1,1,3,1,1,0,0
124,15548,5,2,2,1,0,2,0,0,0,0,1,1,0,1,2,3,3,0,1,1,3,1,1,0,0
125,15673,5,2,1,1,0,2,0,0,0,0,1,1,0,1,2,3,2,0,1,1,3,1,1,0,0
126,15808,5,3,1,1,0,1,0,0,0,0,2,1,0,1,2,3,2,0,0,1,4,2,1,0,0
127,15922,5,3,1,1,0,1,0,0,0,0,2,1,0,1,2,3,2,0,0,1,4,3,1,0,0
128,16047,6,4,1,1,1,1,0,0,0,0,2,1,0,1,2,3,2,0,0,1,5,4,1,0,0
129,16175,7,5,1,0,1,1,0,0,0,0,2,1,0,1,2,3,2,0,0,1,6,5,1,0,0
130,16298,10,7,1,0,1,1,0,0,0,0,2,1,0,1,2,3,2,0,0,1,8,6,1,0,0
131,16422,14,8,2,0,1,1,0,0,0,0,2,1,1,1,2,3,2,1,0,1,10,7,1,0,0
132,16548,17,10,2,0,1,1,1,0,0,0,2,1,1,1,2,3,2,1,0,1,12,8,1,0,0
133,16673,19,10,2,0,0,2,1,1,0,0,2,1,1,1,2,3,3,1,0,1,13,8,1,0,0
134,16818,18,10,2,1,0,3,2,1,1,0,2,1,1,1,2,3,3,1,1,1,12,7,1,1,0
135,16921,14,9,1,1,0,4,3,1,1,0,2,1,1,2,2,2,3,1,1,1,10,6,1,1,0
136,17047,11,7,1,1,0,5,4,2,1,0,1,1,1,2,2,2,2,1,1,1,7,5,1,1,0
137,17172,7,6,1,1,0,6,4,2,1,0,1,1,0,2,2,2,2,1,1,1,5,4,2,1,0
138,17297,5,4,1,1,0,6,4,2,1,0,1,1,0,1,2,2,2,1,1,1,4,3,2,1,0
139,17422,4,4,1,1,0,5,3,2,1,0,1,1,0,1,2,3,1,1,1,1,3,3,2,1,0
140,17547,4,4,1,1,0,4,2,1,1,0,1,1,0,1,2,3,1,1,1,1,4,3,2,1,0
141,17672,5,4,1,1,0,3,1,1,1,0,1,1,0,1,2,3,1,1,1,1,5,3,1,1,0
142,17802,6,4,1,1,0,2,1,1,1,0,1,1,0,1,2,4,1,1,1,1,6,3,1,1,0
143,17922,6,4,1,1,0,1,1,1,1,0,1,1,0,1,2,4,1,1,1,1,7,3,1,1,0
144,18048,6,4,1,1,0,1,1,1,1,0,1,1,0,1,2,4,1,1,1,1,7,3,1,1,0
145,18174,6,3,1,0,0,1,0,1,0,0,2,1,0,2,2,3,1,1,1,1,7,3,1,1,0
146,18297,5,3,1,0,0,2,0,1,0,0,2,1,0,2,2,3,1,1,1,1,6,3,1,1,0
147,18423,5,3,1,0,0,2,0,1,0,0,2,1,0,2,2,2,1,1,1,1,5,4,1,1,0
148,18547,4,3,1,0,0,2,1,1,0,0,2,1,0,2,2,2,1,1,1,1,5,4,1,0,0
149,18672,4,3,1,0,0,2,1,1,0,0,2,1,0,2,2,1,1,1,1,1,5,4,1,0,0
150,18806,4,3,1,0,0,2,1,0,0,0,2,1,0,2,2,1,1,1,1,1,4,4,2,0,0
151,18922,4,3,1,0,0,2,1,0,0,0,2,1,0,2,2,1,1,1,1,1,4,4,2,0,0
152,19047,6,3,1,0,1,2,1,0,0,0,2,1,0,1,2,2,1,1,1,1,5,4,2,1,0
153,19173,12,3,2,0,1,2,1,0,0,0,2,1,0,2,2,2,1,1,1,1,9,4,3,1,1
154,19297,23,2,2,0,1,2,1,1,0,0,2,1,0,2,2,2,1,1,1,1,17,3,3,1,1
155,19422,37,2,2,0,1,2,1,1,0,0,1,1,0,2,2,3,1,1,1,1,26,3,3,1,1
156,19548,50,3,1,0,1,2,1,1,0,0,1,1,0,2,2,3,2,2,1,1,35,3,3,1,1
157,19673,59,3,1,0,1,1,1,1,0,0,1,1,0,2,2,4,2,2,1,1,42,3,2,1,1
158,19809,65,3,1,1,1,1,1,1,0,0,1,1,0,2,2,6,2,2,1,1,47,4,2,1,1
159,19921,74,5,1,1,1,1,1,1,0,0,1,1,0,2,2,14,3,2,1,1,58,5,1,1,1
160,20047,97,8,1,1,1,1,1,1,0,0,1,1,0,1,2,33,4,2,1,1,84,7,1,1,1
161,20172,147,15,2,2,1,2,1,1,0,0,1,1,0,1,2,68,6,2,2,1,137,13,1,2,1
162,20298,222,29,3,2,1,4,1,1,0,0,1,2,1,1,2,120,10,2,3,1,215,24,2,2,1
163,20421,310,46,5,3,1,7,1,1,0,0,2,3,1,2,2,181,15,2,4,2,307,38,3,3,1
164,20547,385,63,7,3,1,11,2,2,1,0,2,4,2,2,3,238,19,2,5,2,387,53,4,4,1
165,20672,422,74,9,4,1,14,2,2,1,0,3,6,3,2,3,273,20,2,6,2,430,63,6,4,2
166,20820,409,76,10,4,2,16,2,2,1,0,4,7,4,2,3,278,20,2,6,2,424,65,7,4,2
167,20922,352,68,11,3,1,15,2,2,1,0,5,8,4,2,4,253,18,2,6,2,371,60,9,4,1
168,21048,270,56,11,3,1,13,2,1,1,0,6,9,4,3,4,207,15,3,5,2,290,51,9,4,1
169,21175,187,43,10,3,1,10,2,1,1,0,7,9,4,3,4,155,14,3,4,2,206,40,9,3,1
170,21299,126,33,9,2,1,7,1,1,1,0,8,8,3,3,3,109,15,3,4,2,140,32,8,3,1
171,21421,95,28,7,2,1,5,1,1,1,0,9,7,2,3,3,79,16,3,3,2,105,27,6,3,1
172,21547,90,27,5,2,1,3,1,1,1,0,11,6,2,3,3,65,17,2,3,2,99,26,4,2,1
173,21673,104,29,3,2,1,3,1,1,1,0,13,7,2,3,3,66,18,2,2,2,116,28,3,2,1
174,21803,127,32,2,1,1,4,1,1,1,0,15,9,2,3,3,75,20,2,2,1,145,30,2,2,1
175,21922,148,35,2,1,1,4,1,1,1,0,17,12,2,2,3,86,20,2,1,1,170,32,2,1,1
176,22048,159,35,1,1,1,5,1,1,0,0,18,14,2,2,3,91,19,1,1,1,182,31,2,1,1
177,22173,153,33,1,1,1,5,1,1,0,0,18,15,2,2,2,87,17,1,1,1,172,28,2,1,1
178,22298,132,29,1,1,1,4,1,1,0,0,16,14,2,2,2,73,14,1,1,1,144,23,2,1,1
179,22421,103,23,1,1,1,4,1,0,0,0,15,13,2,1,3,55,11,1,1,2,107,17,2,2,1
180,22548,76,17,1,2,1,3,1,0,0,0,14,11,1,1,3,39,8,2,2,2,72,11,2,2,1
181,22673,54,12,1,2,1,3,1,0,0,0,13,9,1,1,3,30,5,2,2,2,47,7,2,2,1
182,22808,41,9,2,2,1,2,1,0,0,0,12,8,2,1,3,29,5,2,2,2,34,5,2,2,1
183,22922,35,7,2,2,1,2,0,0,0,0,12,7,2,1,3,34,5,2,2,2,31,4,2,2,1
184,23048,36,6,2,3,2,2,0,0,0,0,12,7,2,1,3,45,6,2,2,2,35,4,2,2,1
185,23173,41,6,2,3,2,2,0,0,0,0,13,6,2,1,3,56,6,2,2,3,45,5,2,2,2
186,23297,50,7,2,3,2,2,0,0,0,0,15,5,2,1,3,62,7,3,1,3,56,6,2,2,2
187,23422,58,9,2,3,2,2,0,0,0,0,17,4,2,1,3,62,8,3,1,2,65,8,2,2,2
188,23548,63,10,2,2,2,2,0,0,0,0,17,3,1,1,3,54,8,3,1,2,68,9,2,2,2
189,23673,62,11,2,2,2,2,0,0,0,0,16,2,1,1,3,42,7,3,1,2,64,10,2,1,1
190,23806,55,11,2,2,1,1,0,0,0,0,13,2,1,1,2,29,6,3,1,2,54,9,2,1,1
191,23923,45,9,2,1,1,1,0,0,0,0,10,1,1,1,2,19,5,2,1,1,42,8,2,1,1
192,24047,34,7,2,1,1,1,0,0,0,0,6,1,1,1,2,13,4,2,1,1,29,6,2,1,1
193,24173,24,6,2,1,1,0,0,0,0,0,4,2,0,1,2,10,3,2,1,2,19,5,2,1,1
194,24297,16,5,2,1,1,0,0,0,0,0,5,2,1,1,2,10,2,1,1,2,12,4,2,1,1
195,24423,12,6,3,1,1,0,0,0,0,0,6,4,1,1,2,10,2,1,1,2,9,4,2,1,1
196,24547,11,8,3,1,1,0,1,0,0,0,9,6,1,2,2,10,1,1,1,2,8,5,3,1,1
197,24674,11,10,4,1,1,1,1,0,0,0,11,7,1,2,2,11,2,1,1,1,8,6,3,1,1
198,24814,13,11,5,1,1,1,1,0,0,0,11,9,1,2,2,10,2,2,1,1,9,6,4,1,1
199,24921,14,10,5,1,1,1,1,0,0,0,11,9,1,2,2,9,2,1,1,1,11,6,5,1,1
200,25047,16,8,5,1,1,1,1,1,0,0,9,9,1,2,2,8,2,1,1,1,12,5,6,1,1
201,25175,16,6,5,1,0,1,1,1,0,0,6,7,1,2,2,7,2,1,1,1,14,4,6,1,1
202,25297,16,4,4,1,0,2,1,1,0,0,4,5,1,2,2,6,2,1,1,1,14,3,5,1,1
203,25421,14,3,3,1,0,2,1,1,0,0,2,4,1,3,2,5,2,1,1,1,13,3,4,1,0
204,25547,12,2,2,0,0,2,1,1,0,0,2,2,1,3,2,6,2,1,1,1,12,2,3,1,0
205,25673,11,2,2,0,0,2,1,1,0,0,2,2,1,3,2,6,2,1,1,1,11,2,2,1,0
206,25819,12,3,1,0,0,2,1,0,0,0,2,1,1,3,2,7,2,1,1,1,11,2,1,1,0
207,25922,17,4,1,0,0,2,1,0,0,0,2,1,1,3,2,7,1,1,1,1,14,2,1,1,0
208,26047,26,7,1,0,0,3,1,0,0,0,2,1,1,3,2,6,1,1,1,1,18,3,1,1,0
209,26175,35,9,1,0,0,3,0,0,0,0,2,1,0,2,2,5,1,1,1,1,24,5,1,0,0
210,26297,43,12,1,0,1,3,0,0,0,0,2,1,0,2,2,3,1,1,0,1,29,6,1,0,0
211,26422,46,13,1,0,1,3,0,0,0,0,2,1,0,2,2,2,1,1,1,1,30,7,1,0,0
212,26547,46,13,1,0,1,3,0,0,0,0,2,1,0,2,2,2,1,1,1,1,30,7,1,0,0
213,26674,36,11,1,0,1,2,0,1,0,0,1,1,0,2,2,1,2,1,1,1,24,8,1,0,0
214,26809,26,9,1,0,1,4,1,1,0,0,1,1,0,2,2,2,2,2,1,1,17,7,1,0,0
215,26923,17,7,1,1,1,20,4,4,1,0,2,1,0,2,2,2,3,2,1,1,11,5,1,0,0
216,27047,13,5,2,1,0,84,16,14,1,1,3,1,0,2,2,5,3,3,1,1,8,5,1,1,0
217,27174,13,5,3,1,0,220,42,33,3,1,4,0,0,2,2,8,3,4,2,1,9,5,2,1,0
218,27297,19,5,4,1,0,426,79,60,5,1,7,1,1,2,2,14,4,5,2,1,14,5,3,1,0
219,27423,31,7,5,1,1,660,122,89,7,1,9,1,1,1,3,21,5,5,2,1,24,7,4,1,0
220,27547,53,10,6,1,1,853,157,110,8,2,11,1,1,1,3,37,8,6,3,1,48,11,5,1,1
221,27674,89,16,9,1,1,940,172,117,8,2,12,1,1,2,3,65,13,7,3,1,92,18,7,2,1
222,27815,137,24,11,1,1,890,162,108,7,1,11,2,1,2,3,103,21,8,3,1,152,27,10,2,1
223,27921,187,32,14,1,1,720,131,85,5,1,9,2,1,2,3,144,30,9,3,1,217,36,12,2,1
224,28048,225,38,16,1,1,490,89,56,4,1,6,2,1,2,3,175,38,9,3,1,268,44,14,2,1
225,28175,238,41,17,1,1,270,49,30,2,1,4,2,1,2,2,184,40,10,2,1,287,46,15,1,1
226,28297,221,38,17,1,1,113,20,12,1,1,2,2,1,2,2,170,38,11,2,1,269,43,15,1,1
227,28422,178,31,15,1,1,31,6,3,1,1,2,2,1,2,2,134,31,10,2,1,217,35,13,1,1
228,28547,128,23,12,1,1,5,1,1,0,1,1,2,1,2,2,91,22,10,2,1,153,25,11,1,1
229,28674,80,14,9,2,1,2,1,1,0,1,1,2,1,2,2,51,14,8,2,1,91,16,8,1,1
230,28825,49,8,7,2,1,2,1,1,0,0,1,1,1,2,2,25,8,6,2,1,50,9,6,1,1
231,28922,36,6,5,2,1,2,1,1,0,0,1,2,1,2,2,14,5,4,2,1,30,6,5,1,1
232,29049,36,5,4,2,1,3,1,1,0,0,1,2,1,2,2,14,4,3,2,1,28,5,4,1,1
233,29172,38,5,3,2,1,3,1,1,0,0,2,2,1,1,2,17,3,3,2,1,31,4,4,2,0
234,29298,41,5,3,1,1,4,1,1,0,0,2,3,1,1,2,21,3,3,2,1,35,4,4,1,0
235,29424,40,5,3,1,0,4,1,1,0,0,2,3,1,1,2,23,3,3,1,1,37,4,4,1,0
236,29547,37,4,2,1,0,4,1,1,0,0,2,4,1,1,2,24,4,3,1,1,36,3,4,1,0
237,29674,30,4,2,1,0,3,1,1,1,0,2,4,1,1,2,23,5,3,1,1,32,2,3,1,0
238,29814,23,4,2,1,0,3,1,1,1,0,2,4,1,1,2,20,5,2,1,1,26,2,3,1,0
239,29922,17,3,3,1,0,2,1,1,1,0,1,3,1,1,2,17,6,2,1,1,20,2,3,1,0
240,30047,13,3,3,1,1,2,1,1,1,0,1,3,1,1,2,13,5,2,1,1,16,1,3,1,0
241,30175,12,3,3,1,1,2,1,1,1,0,1,2,1,2,2,9,5,1,1,1,14,1,4,1,1
242,30298,13,3,3,1,1,2,1,0,1,0,1,2,1,2,2,7,4,1,1,1,14,1,4,1,1
243,30422,15,3,4,1,1,2,1,0,1,0,1,1,1,2,2,4,3,1,1,1,16,1,4,1,1
244,30548,16,2,4,1,1,2,1,0,1,0,1,1,1,2,2,3,2,1,1,1,16,2,4,1,1
245,30675,16,2,4,1,1,2,1,0,1,0,1,1,1,2,2,2,1,1,2,1,15,2,4,1,1
246,30828,14,2,3,1,1,2,1,0,0,0,1,1,1,2,2,2,1,1,1,1,13,1,4,1,1
247,30922,11,2,3,1,1,2,1,0,0,0,1,1,1,2,2,2,1,1,1,1,10,1,3,1,1
248,31048,8,1,2,1,1,2,1,0,0,0,1,0,1,2,2,2,1,1,1,1,8,1,2,1,1
249,31172,6,1,2,1,0,2,1,1,0,0,2,0,1,2,2,3,1,1,1,1,7,1,2,1,1
250,31300,5,1,2,1,0,2,1,1,0,0,2,0,1,2,2,3,2,2,1,1,6,1,1,1,0
251,31423,5,1,2,1,0,2,1,1,0,0,2,1,1,2,2,4,2,2,1,1,6,2,1,1,0
252,31548,4,2,2,0,0,1,1,1,0,0,2,1,1,1,2,4,2,2,1,1,6,2,1,0,0
253,31672,4,2,2,0,0,1,1,1,1,0,2,1,1,1,3,6,2,3,1,1,5,3,1,0,0
254,31798,3,2,2,0,0,1,0,1,1,0,2,1,1,1,3,8,2,3,1,1,4,3,1,0,0
255,31923,3,3,2,0,0,1,0,1,1,0,2,2,1,1,3,10,3,4,1,1,3,3,1,0,0
256,32048,3,3,2,1,0,1,0,1,1,0,3,2,0,1,2,12,3,4,1,1,4,3,1,1,0
257,32176,4,3,2,1,0,1,1,1,1,0,3,2,0,1,2,13,3,4,1,1,5,3,1,1,0
258,32298,6,2,2,1,0,1,1,1,1,0,3,2,0,1,2,13,3,3,1,1,7,2,1,1,0
259,32423,8,2,1,1,0,1,1,1,1,0,4,3,0,1,2,12,3,3,1,1,10,2,1,1,0
260,32549,10,2,1,1,0,2,1,1,1,0,4,3,0,1,2,10,3,2,1,1,12,2,1,1,0
261,32673,11,2,1,1,0,2,1,0,1,0,4,3,0,2,2,9,3,2,1,1,13,2,1,1,0
262,32799,11,2,1,1,0,2,1,0,1,0,4,3,0,2,2,7,3,1,1,1,13,2,2,0,0
263,32924,10,2,1,0,0,3,1,0,1,0,4,3,0,2,2,6,3,1,1,1,11,2,2,0,0
264,33048,8,1,1,0,0,3,1,0,1,0,4,4,0,2,2,5,2,1,1,1,9,2,2,0,0
265,33173,6,1,1,0,0,3,1,0,1,0,3,4,0,2,2,4,2,1,1,1,6,2,2,0,0
266,33297,4,1,2,0,0,3,1,0,1,0,3,4,1,2,2,2,1,1,1,1,4,2,2,0,0
267,33423,2,2,2,0,0,3,1,0,1,0,3,4,1,2,2,2,1,1,1,1,3,2,1,0,0
268,33548,1,2,2,0,0,3,1,0,1,0,4,5,1,2,2,1,1,1,1,1,2,2,1,0,0
269,33673,1,2,2,0,0,2,1,0,1,0,5,6,1,2,2,1,1,1,1,1,2,2,1,0,0
270,33815,1,3,2,0,0,2,1,0,1,0,7,6,1,2,3,1,1,1,1,1,2,3,1,0,0
271,33922,1,3,2,0,0,1,0,0,1,0,8,7,1,2,3,1,2,1,1,0,3,3,1,0,0
272,34223,3,4,2,0,0,1,1,0,1,0,9,7,1,2,3,2,2,1,1,0,3,4,2,0,0
273,34224,4,4,3,0,0,1,1,0,0,0,9,7,1,2,3,3,2,1,1,0,4,4,2,0,0
274,34516,5,4,3,0,0,1,1,0,0,0,9,8,1,2,3,4,2,1,1,1,6,5,2,0,0
275,34517,7,5,3,0,0,1,1,0,0,0,10,10,2,2,3,5,3,1,1,1,7,5,2,0,0
276,34865,8,6,3,0,0,1,1,0,0,0,13,15,2,2,4,6,4,1,1,1,8,6,2,0,0
277,34866,8,6,3,0,0,1,1,0,0,0,16,21,2,3,4,7,5,1,1,1,9,6,2,0,0
278,34868,8,6,3,0,0,1,1,0,0,0,19,27,2,4,5,9,5,1,1,1,11,7,2,0,0
279,35182,9,6,2,0,0,1,1,0,0,0,21,31,2,6,5,10,5,2,1,1,12,7,1,0,0
280,35182,10,5,2,0,0,2,1,0,0,0,21,30,2,7,5,13,5,2,1,1,13,7,1,0,0
281,35183,12,4,1,0,0,2,1,0,0,0,17,26,2,8,4,17,4,2,1,1,14,6,1,0,0
282,35485,13,3,1,0,0,3,1,0,0,0,13,20,3,9,4,21,4,2,1,1,14,4,1,0,0
283,35485,14,2,1,0,0,4,1,0,0,0,9,13,3,10,4,24,4,3,1,1,13,3,1,0,0
284,35869,14,2,1,0,0,5,1,0,0,0,6,8,5,11,4,25,4,3,1,1,11,2,1,0,0
285,35870,12,2,1,1,0,6,1,0,0,0,6,6,6,12,5,24,4,3,1,1,10,2,1,1,0
286,35871,11,2,2,1,0,6,1,0,0,0,11,5,7,14,6,22,5,3,2,1,10,3,3,1,0
287,36230,12,4,3,1,1,5,1,0,0,0,26,6,9,17,7,21,5,4,2,1,12,4,5,1,0
288,36230,15,6,4,1,1,4,1,0,0,0,51,7,11,20,9,22,6,5,2,1,17,7,8,1,1
289,36230,22,10,6,2,1,3,1,1,0,0,81,8,14,23,11,26,7,6,2,1,23,10,11,2,1
290,36483,32,13,7,2,1,2,1,1,0,0,111,9,17,24,15,31,7,7,2,1,31,13,13,3,1
291,36484,45,16,8,2,1,2,0,0,0,0,131,10,19,24,18,35,8,8,3,1,38,16,14,3,1
292,36787,57,18,8,3,1,2,0,0,0,0,135,10,19,21,19,36,7,8,3,2,42,17,13,4,1
293,36788,67,19,8,4,1,2,0,0,0,0,122,11,17,17,19,35,6,7,4,2,44,18,12,5,1
294,37113,70,18,8,4,1,2,0,0,0,0,99,12,14,12,16,30,5,6,4,2,44,17,10,6,1
295,37114,67,16,7,5,1,3,0,0,0,0,74,15,11,8,13,25,4,5,4,2,40,15,10,6,1
296,37114,57,15,8,4,1,4,0,0,0,0,53,17,8,6,9,19,4,5,4,2,34,13,9,5,1
297,37405,45,13,9,4,1,4,0,0,1,0,40,19,6,4,6,14,4,6,4,2,29,12,10,5,1
298,37406,34,12,9,3,1,4,1,1,1,0,31,20,5,3,4,12,6,8,3,1,26,12,10,4,1
299,37692,28,12,9,3,1,5,1,1,1,0,26,19,4,3,3,11,7,9,3,1,26,12,10,3,1
300,37693,28,13,9,3,1,5,1,1,1,0,20,16,3,3,2,12,9,11,3,1,30,13,10,3,1
301,37693,31,13,9,3,1,5,1,1,1,0,15,13,2,2,3,13,10,11,3,1,35,13,9,3,1
302,38054,34,14,8,4,1,4,1,1,1,0,11,9,2,2,3,14,12,11,3,1,41,14,8,4,1
303,38054,37,15,8,4,1,4,1,1,1,0,8,6,1,2,3,15,14,10,4,1,45,16,8,5,1
304,38055,39,16,8,5,1,4,1,1,1,0,6,4,1,2,3,17,16,9,4,2,47,17,9,6,1
305,38339,40,17,9,6,1,5,1,1,0,0,5,3,1,2,3,19,17,8,5,2,47,17,11,6,1
306,38339,39,17,10,6,1,5,2,1,0,0,5,3,1,2,3,22,18,8,5,2,45,18,12,6,1
307,38627,38,17,12,6,1,6,2,1,0,0,4,3,1,2,3,24,18,9,4,2,42,18,14,6,1
308,38628,37,17,13,5,1,6,2,0,0,0,4,3,1,2,3,26,17,9,4,2,40,18,15,5,1
309,38986,38,18,13,4,1,9,1,0,0,0,4,3,1,2,3,27,15,9,3,2,38,18,15,4,1
310,38986,40,19,13,4,2,15,2,0,0,0,4,3,1,2,3,25,14,9,3,2,37,17,15,4,1
311,38986,47,21,13,3,2,27,3,0,0,0,4,3,1,2,3,25,13,9,3,3,39,18,14,3,2
312,39274,58,26,14,4,2,47,5,1,0,0,7,5,1,2,3,25,15,9,3,3,44,22,14,3,2
313,39274,71,36,18,4,2,72,8,1,0,0,13,10,2,2,3,24,20,11,4,4,50,31,16,4,2
314,39559,84,52,25,5,3,96,11,1,0,0,25,17,3,2,3,23,30,16,6,4,58,46,22,5,3
315,39559,94,73,38,7,3,110,13,2,0,0,40,24,6,3,4,28,44,25,8,4,67,67,33,8,3
316,39560,100,99,55,10,3,112,13,2,0,0,60,29,9,4,5,42,59,38,11,4,79,92,50,11,3
317,39947,106,128,75,13,3,102,12,2,0,0,81,31,12,5,6,69,75,53,15,4,99,121,69,14,3
318,39947,117,157,91,15,4,84,10,2,1,0,103,29,14,7,8,103,89,68,18,4,132,149,86,17,3
319,39948,146,181,101,17,4,66,8,2,1,0,125,26,16,9,9,141,99,78,21,5,186,172,97,20,3
320,40242,197,196,102,18,5,53,5,2,1,0,146,24,16,11,11,172,103,81,23,5,253,185,99,21,4
321,40243,267,197,93,17,5,46,4,2,1,1,165,26,15,12,12,193,100,78,23,6,327,185,92,21,4
322,40533,338,182,79,16,5,44,3,2,1,1,177,32,14,13,12,200,91,70,22,6,388,169,79,20,4
323,40533,395,153,63,15,4,43,3,2,0,1,181,41,13,13,12,193,76,60,20,6,423,140,63,18,4
324,40934,424,117,49,14,4,42,2,2,0,1,172,49,13,12,10,181,57,49,17,6,426,105,49,16,4
325,40935,418,80,38,12,3,40,2,1,0,1,152,53,13,10,9,163,38,40,14,5,399,70,37,14,3
326,40935,387,50,30,11,3,37,1,1,0,1,126,54,13,9,7,155,23,32,12,5,360,43,28,12,3
327,40935,344,30,23,9,3,35,1,1,1,1,102,51,12,7,6,152,13,25,10,5,320,25,21,10,3
328,41239,305,19,18,8,3,35,1,1,1,1,88,46,11,5,5,158,9,19,9,5,298,17,16,9,3
329,41239,275,15,15,7,3,37,1,1,1,1,86,41,10,4,5,167,9,16,8,6,292,14,12,8,3
330,41552,261,13,13,7,3,39,1,1,1,1,93,35,9,4,5,180,11,13,9,6,306,13,10,8,3
331,41552,254,12,11,7,3,40,1,1,1,1,103,30,7,4,5,191,11,12,9,7,320,12,9,8,2
332,41553,251,10,11,6,2,40,1,1,1,1,109,25,6,4,5,196,12,10,8,7,330,10,9,8,2
333,41955,241,8,11,6,2,38,1,1,1,1,106,20,6,5,5,191,11,9,8,7,321,9,9,7,2
334,41955,225,7,11,5,2,33,1,1,1,1,93,16,6,5,5,176,10,7,6,7,295,8,8,5,2
335,41961,201,7,11,4,2,26,1,1,1,1,74,13,5,5,4,156,9,6,5,6,254,7,8,4,2
336,42269,174,9,12,4,2,19,2,1,1,1,53,12,5,4,4,132,9,6,4,6,209,8,9,3,2
337,42269,149,11,14,4,2,13,2,1,1,1,34,11,5,4,3,112,10,8,3,6,169,10,10,4,2
338,42583,131,15,17,5,3,9,2,1,1,1,21,11,4,3,3,99,12,12,3,6,141,12,12,5,3
339,42584,121,20,20,6,3,7,2,1,1,1,12,12,4,3,3,96,16,16,4,5,124,16,16,7,4
340,42585,118,24,24,8,3,7,2,1,1,1,7,12,4,2,4,105,22,21,5,5,117,19,20,9,4
341,42980,121,27,28,9,4,7,3,1,1,1,5,12,3,2,4,123,31,27,7,6,118,21,25,11,4
342,42980,127,29,33,9,4,7,3,1,1,1,4,13,3,2,4,145,40,33,8,6,123,24,29,12,4
343,42980,132,31,35,9,4,7,3,1,0,1,6,15,4,2,4,162,49,39,9,6,128,26,32,12,4
344,43294,135,33,36,9,4,6,2,1,0,1,10,18,4,2,3,168,54,41,10,6,129,29,32,12,4
345,43295,133,35,33,8,3,5,2,1,0,0,15,21,4,2,3,157,55,41,10,6,126,33,29,11,4
346,43313,129,36,29,7,3,4,2,1,0,1,22,23,3,2,3,134,50,37,9,6,118,36,24,10,3
347,43638,122,35,23,7,3,4,1,1,0,1,28,23,3,2,3,106,41,30,8,5,110,37,19,9,3
348,43638,114,33,17,6,2,3,1,1,0,1,32,21,2,2,3,82,31,21,7,4,101,34,13,8,2
349,44046,103,29,12,6,2,3,1,1,0,1,33,18,2,2,3,64,22,14,6,3,91,30,9,6,2
350,44048,90,25,8,5,2,3,1,1,0,1,31,14,2,2,3,54,15,8,5,2,81,25,7,6,2
351,44048,73,23,7,5,2,2,1,1,0,0,27,11,1,1,4,47,12,5,4,2,66,20,5,5,2
352,44065,56,23,6,4,2,3,1,1,0,0,23,9,1,1,4,42,11,4,3,2,52,19,5,4,2
353,44380,39,25,6,4,2,6,4,2,1,0,19,7,1,1,4,35,13,4,3,2,37,20,4,4,2
354,44380,29,28,5,3,2,13,10,3,1,0,18,6,1,2,4,28,16,4,3,2,27,24,4,3,2
355,44679,23,32,5,3,2,26,20,6,2,0,17,6,1,2,4,23,21,4,2,2,21,29,4,3,2
356,44680,21,35,5,2,1,42,32,10,2,0,18,5,2,2,3,19,26,5,2,2,19,33,4,2,1
357,44680,21,35,5,2,1,42,32,10,2,0,18,5,2,2,3,19,26,5,2,2,19,33,4,2,1
358,45094,26,36,5,2,1,70,49,15,3,0,22,4,2,3,3,22,34,6,3,2,25,38,4,2,1
359,45094,32,34,5,2,1,73,48,15,3,0,25,4,1,3,3,30,35,7,3,2,32,37,4,2,1
360,45095,41,31,6,2,2,66,41,13,3,0,32,5,1,3,2,42,34,10,4,2,42,33,4,2,2
361,45410,53,27,7,2,2,53,29,10,2,0,43,6,1,3,2,67,31,14,4,2,54,28,6,3,2
362,45410,69,22,8,3,2,38,17,7,1,0,60,9,2,3,2,106,28,19,5,2,69,22,8,3,2
363,45782,86,20,10,3,2,25,8,4,1,0,79,13,2,3,3,167,27,25,6,3,87,17,11,4,2
364,45783,86,20,10,3,2,25,8,4,1,0,79,13,2,3,3,167,27,25,6,3,87,17,11,4,2
365,45784,112,19,10,4,2,12,1,2,0,0,101,22,3,3,4,321,32,31,7,2,118,16,14,4,1
366,46169,117,20,10,4,2,9,1,1,0,0,96,26,4,3,4,380,36,29,7,2,123,17,14,4,1
367,46169,115,19,9,4,2,7,1,1,0,0,81,29,3,3,5,403,37,25,7,2,120,18,13,4,1
368,46170,113,18,9,4,2,5,1,1,0,0,60,28,3,3,5,389,35,20,6,2,110,18,12,4,2
369,46189,116,16,11,4,2,4,1,1,0,0,41,26,2,3,5,340,31,15,6,2,104,17,13,5,2
370,46517,116,16,11,4,2,4,1,1,0,0,41,26,2,3,5,340,31,15,6,2,104,17,13,5,2
371,46517,128,13,14,5,3,4,2,1,0,0,27,22,2,2,5,267,24,12,6,2,102,15,15,5,2
372,46942,150,11,16,6,3,7,2,1,0,0,19,17,2,3,5,199,18,11,6,2,113,14,17,7,2
373,46943,172,10,18,7,3,11,2,1,0,0,17,13,2,3,4,151,15,11,7,2,129,12,19,8,2
374,46943,189,10,19,7,3,14,2,1,1,0,16,11,2,3,4,125,16,12,7,2,145,11,20,8,2
375,46944,194,11,17,7,3,16,2,1,1,0,16,10,2,4,4,117,21,11,7,2,154,11,18,8,2
376,47290,181,12,14,6,2,16,2,1,1,0,14,10,2,4,4,117,26,10,6,2,149,11,15,8,2
377,47291,151,13,10,5,2,13,1,1,0,0,12,10,2,4,3,115,31,8,6,2,129,11,11,6,2
378,47636,113,12,6,4,2,9,1,1,0,0,9,9,2,4,3,112,34,6,5,3,100,10,8,5,2
379,47637,76,10,4,3,2,6,1,0,0,0,7,8,1,4,3,112,35,6,5,3,71,9,6,3,2
380,47638,47,7,3,2,2,3,1,0,0,0,6,7,1,3,3,116,33,6,5,3,47,6,5,2,2
381,48083,29,5,2,2,2,2,1,0,0,0,7,6,1,3,3,121,30,6,5,2,32,4,4,2,2
382,48084,22,4,4,2,2,2,1,0,0,0,9,7,1,3,3,127,27,9,5,3,27,4,6,2,2
383,48085,22,8,9,3,3,2,2,0,0,0,15,9,2,3,3,126,28,20,5,3,27,9,11,4,3
384,48085,25,14,12,4,4,3,2,0,0,0,19,10,3,3,3,141,35,29,5,4,29,16,15,5,4
385,48422,31,21,15,6,4,3,1,0,0,0,23,11,4,3,3,189,42,39,5,4,34,24,19,7,5
386,48423,43,28,16,7,5,2,2,1,0,0,28,13,5,3,3,279,49,48,5,5,44,33,21,8,5
387,48424,60,36,15,7,5,2,2,1,0,0,34,18,5,3,4,384,52,51,5,5,59,41,20,8,5
388,48895,79,43,14,7,4,2,2,1,0,0,42,27,6,3,4,471,51,49,5,5,77,48,17,8,4
389,48895,99,48,11,7,4,3,3,1,0,0,51,39,7,3,4,509,46,41,5,4,97,52,14,7,4
390,48896,116,53,10,6,3,3,3,1,0,0,58,52,8,3,5,482,39,30,5,4,115,55,11,6,3
391,49288,131,58,10,5,2,3,3,1,0,0,61,62,8,3,5,401,33,19,5,3,132,57,10,5,2
392,49289,145,62,11,5,2,3,3,1,0,0,59,66,8,3,5,300,31,12,5,3,150,59,10,5,2
393,49289,159,66,13,5,2,4,3,1,0,0,55,64,7,3,5,216,36,9,5,3,168,61,12,5,2
394,49665,173,69,16,6,2,5,3,1,0,0,50,58,6,2,5,166,47,10,5,3,184,65,14,5,2
395,49666,187,71,18,7,2,6,4,1,0,0,48,52,6,2,4,159,63,12,5,3,195,69,17,6,3
396,49666,198,73,21,8,3,17,9,1,1,0,50,48,6,2,4,178,82,15,6,4,201,73,21,7,3
397,49688,212,74,25,9,3,84,28,4,1,1,56,47,7,2,4,197,102,18,8,5,201,76,25,8,4
398,50117,234,75,28,10,4,282,78,12,2,1,61,47,7,2,4,210,118,20,10,6,208,79,27,9,5
399,50117,274,76,31,11,5,657,168,27,3,2,62,47,7,3,4,207,129,21,12,7,236,82,29,10,6
400,50118,343,81,33,13,7,1179,288,47,6,4,58,47,7,3,4,203,134,22,14,9,299,88,29,12,7
401,48,446,96,37,18,8,1731,412,68,8,5,50,47,6,3,5,211,138,25,18,10,406,105,31,16,8
402,170,446,96,37,18,8,1731,412,68,8,5,50,47,6,3,5,211,138,25,18,10,406,105,31,16,8
403,284,569,127,44,27,10,2144,501,85,11,7,42,50,7,4,5,238,148,29,25,11,543,138,35,25,10
404,413,782,230,65,52,14,2092,477,86,13,6,44,77,10,7,9,334,186,44,46,15,784,244,55,51,14
405,551,782,230,65,52,14,2092,477,86,13,6,44,77,10,7,9,334,186,44,46,15,784,244,55,51,14
406,729,825,278,76,62,15,1647,373,70,11,5,62,100,15,10,15,380,203,51,55,16,832,291,66,63,15
407,860,809,301,82,67,16,1097,247,50,9,3,91,122,21,16,21,405,207,56,60,15,813,311,73,69,15
408,931,634,250,70,55,13,260,59,16,3,1,147,139,33,26,33,373,161,49,52,12,631,251,63,58,12
409,1116,507,188,55,42,10,90,21,8,2,1,156,126,34,28,33,323,119,39,41,9,509,186,49,45,10
410,1158,381,124,38,30,8,34,8,5,1,0,146,102,31,27,30,269,76,28,30,7,390,120,34,32,7
411,1286,273,72,23,20,6,24,5,3,1,0,120,72,25,23,23,215,43,17,21,5,288,68,21,21,5
412,1420,188,38,13,14,5,22,4,2,1,0,85,44,17,18,16,167,23,9,15,4,205,36,12,14,4
413,1553,119,21,7,10,4,19,3,2,1,0,50,23,10,13,10,110,13,5,11,4,132,20,7,10,4
414,1703,119,21,7,10,4,19,3,2,1,0,50,23,10,13,10,110,13,5,11,4,132,20,7,10,4
415,1877,38,10,4,6,3,10,1,1,1,0,13,8,4,9,6,35,8,3,7,3,43,12,3,6,3
416,1913,24,10,5,4,2,7,1,1,0,0,16,9,9,10,9,20,8,4,6,2,26,12,5,4,3
417,2083,22,12,8,3,2,5,1,0,0,0,34,14,23,12,13,14,8,6,5,2,23,13,8,4,2
418,2191,28,16,12,3,2,4,1,1,0,0,67,25,43,15,18,16,9,8,5,2,29,16,13,4,2
419,2295,38,24,18,3,2,6,3,1,0,0,107,43,66,19,23,23,12,10,6,2,40,22,20,4,2
420,2412,38,24,18,3,2,6,3,1,0,0,107,43,66,19,23,23,12,10,6,2,40,22,20,4,2
421,2567,54,35,24,5,2,9,6,3,0,0,146,70,85,22,27,33,16,11,8,2,57,32,27,5,3
422,2698,73,50,28,6,3,13,11,4,0,0,172,106,95,22,27,46,23,13,9,3,78,44,33,7,4
423,2821,93,66,29,7,4,18,17,6,1,0,178,146,92,21,25,57,31,14,10,4,97,58,35,8,4
424,2928,116,84,24,7,4,26,25,8,1,0,138,207,61,13,17,63,43,13,8,5,117,76,31,8,5
425,3078,114,81,19,7,4,27,25,8,1,0,107,211,43,9,12,57,44,13,7,5,110,75,25,7,5
426,3186,102,71,14,6,4,25,21,6,1,0,81,192,29,7,9,47,39,11,5,4,94,67,20,7,4
427,3294,84,55,10,5,3,20,16,4,1,0,62,157,20,6,6,36,31,10,4,4,74,53,15,6,4
428,3439,64,38,8,4,3,15,10,3,1,0,48,113,14,5,5,29,22,9,3,3,53,37,11,5,3
429,3561,46,23,6,3,2,9,5,2,1,0,36,72,10,5,4,26,15,8,3,2,37,23,9,4,2
430,3702,31,13,5,3,2,5,3,1,0,0,25,41,8,4,3,26,13,6,3,2,25,13,6,3,2
431,3826,21,7,4,3,1,3,1,1,0,0,16,22,6,4,3,28,15,5,3,2,18,8,4,3,1
432,3912,13,4,3,2,1,2,1,1,0,0,11,13,4,4,2,32,20,4,3,1,12,5,3,3,1
433,4041,9,3,2,2,1,1,1,1,0,0,8,9,3,3,2,38,26,4,4,1,9,4,2,2,1
434,4175,6,3,1,2,1,1,1,1,0,0,7,8,3,3,2,45,29,3,4,1,7,3,2,2,1
435,4310,6,3,1,2,1,1,1,1,0,0,7,8,3,3,2,45,29,3,4,1,7,3,2,2,1
436,4444,5,3,2,2,1,1,1,1,0,0,5,6,1,3,2,51,26,3,4,1,6,3,2,2,1
437,4552,6,4,3,3,1,1,1,1,0,0,4,5,1,3,2,47,21,4,4,1,7,3,3,3,1
438,4718,7,5,4,3,1,1,1,1,0,0,4,4,0,3,3,38,15,5,4,2,8,4,4,4,1
439,4789,9,5,5,4,1,1,1,1,0,0,3,4,0,3,3,26,11,5,4,2,9,4,5,4,1
440,4943,10,5,6,4,2,2,1,1,0,0,3,4,0,4,3,18,8,6,4,2,10,5,6,5,2
441,5047,10,5,6,4,2,2,2,1,0,0,2,4,1,4,3,9,6,6,4,2,11,4,6,5,2
442,5223,10,4,6,4,2,2,1,1,0,0,2,5,1,4,3,5,5,6,3,2,10,4,6,4,2
443,5321,9,3,5,3,2,2,1,1,0,0,2,5,1,3,2,3,4,5,3,2,9,3,6,3,2
444,5424,9,3,5,3,2,2,1,1,0,0,2,5,1,3,2,3,4,5,3,2,9,3,6,3,2
445,5536,7,2,5,2,2,3,1,1,0,0,2,5,1,3,3,2,2,5,3,2,6,2,5,2,2
446,5707,7,2,6,2,2,5,1,1,1,0,2,4,1,2,3,2,2,5,3,2,5,2,6,2,1
447,5800,7,2,6,2,2,5,1,1,1,0,2,4,1,2,3,2,2,5,3,2,5,2,6,2,1
448,5915,7,2,8,3,2,7,2,1,1,0,3,4,1,2,3,4,2,7,3,2,6,2,8,3,1
449,6037,9,3,11,4,2,10,2,2,1,0,6,4,1,2,3,6,2,9,4,2,9,3,11,5,1
450,6222,12,4,18,7,2,13,2,2,1,0,13,5,1,3,3,9,3,13,7,2,13,4,19,8,2
451,6287,16,5,27,11,2,14,2,2,1,0,22,7,2,3,3,10,4,20,10,3,17,5,29,13,2
452,6410,26,7,38,17,3,16,2,2,1,0,35,12,3,3,3,14,6,28,15,3,22,9,42,19,3
453,6541,62,12,51,25,5,23,3,2,1,0,58,23,6,3,4,38,10,37,19,4,29,16,57,25,4
454,6732,149,20,64,33,6,36,5,3,1,0,99,46,14,4,4,95,16,45,23,4,49,28,73,30,5
455,6804,307,35,77,43,8,56,8,4,1,0,163,86,30,5,5,197,27,53,26,4,101,46,89,35,7
456,6933,551,61,94,53,10,78,13,7,2,0,247,149,55,7,7,352,44,62,29,5,208,71,105,38,8
457,7059,872,100,117,63,13,95,16,8,3,0,340,234,88,8,10,543,68,74,32,6,373,102,120,42,10
458,7197,1208,144,148,71,14,100,19,10,3,0,422,327,121,9,13,734,96,91,36,8,567,135,135,45,11
459,7327,1477,184,183,75,16,91,18,9,3,0,474,409,147,10,16,867,121,113,41,10,738,162,147,47,13
460,7461,1606,207,217,73,17,71,16,8,3,0,483,455,157,9,18,907,137,136,44,13,832,175,158,47,15
461,7532,1317,181,251,56,21,29,8,4,2,1,373,400,126,7,17,681,126,174,41,19,696,147,169,40,19
462,7764,993,141,241,44,22,17,6,3,1,1,287,315,95,6,14,528,103,179,35,21,530,114,166,34,21
463,7835,993,141,241,44,22,17,6,3,1,1,287,315,95,6,14,528,103,179,35,21,530,114,166,34,21
464,7978,672,98,213,33,24,15,5,3,1,1,213,225,63,5,12,451,77,173,29,22,386,81,156,27,22
465,8053,427,63,176,24,23,17,5,3,1,1,172,154,38,5,9,487,52,155,22,22,313,55,139,22,22
466,8197,291,41,135,18,22,19,5,4,1,1,163,114,22,5,8,603,33,131,17,21,316,38,116,18,20
467,8343,245,30,98,13,18,20,4,4,1,1,175,100,15,6,9,721,23,103,13,18,359,30,89,15,17
468,8412,238,25,69,11,14,19,4,4,1,1,192,99,13,7,9,769,19,77,10,15,390,28,65,12,14
469,8563,220,21,47,8,10,16,3,3,1,0,197,99,13,7,10,702,19,55,8,11,371,25,44,9,10
470,8696,183,17,31,6,6,12,2,2,1,0,180,92,12,7,10,543,21,37,6,8,308,22,29,7,7
471,8803,139,13,20,4,4,9,2,2,0,0,143,79,11,6,9,357,23,24,4,6,229,18,18,5,4
472,8965,100,10,13,3,2,6,2,1,0,0,97,63,8,5,8,194,25,16,3,4,155,14,12,4,3
473,9045,71,9,10,3,2,4,1,1,0,0,57,48,5,5,7,90,24,11,3,4,102,12,9,3,2
474,9202,59,10,10,3,1,3,1,1,0,0,30,40,4,4,6,49,22,11,4,3,76,12,9,4,2
475,9362,62,15,14,5,2,2,1,1,0,0,19,38,2,4,5,57,22,14,5,4,72,16,14,5,3
476,9443,74,23,22,7,3,2,1,1,0,0,17,43,2,4,5,87,23,20,6,5,81,24,23,7,4
477,9641,92,33,31,9,5,2,1,1,0,0,20,50,2,3,4,122,31,27,8,6,98,35,33,9,5
478,9791,131,56,49,15,9,3,2,1,0,0,27,63,3,2,5,197,68,43,14,9,131,60,53,16,9
479,9791,147,64,64,19,12,4,2,1,0,0,29,65,4,2,5,221,93,58,18,12,141,69,68,20,12
480,9958,161,69,94,24,16,5,3,1,1,0,29,63,5,2,6,232,114,88,22,15,144,74,99,24,16
481,10047,173,68,148,28,21,5,3,2,1,1,27,58,6,2,6,228,125,140,27,20,140,73,154,28,22
482,10225,180,62,227,31,26,7,4,2,1,1,25,52,7,3,7,209,120,213,30,25,134,66,232,31,28
483,10318,186,52,318,34,31,8,4,2,1,1,23,45,7,3,7,186,103,294,34,29,134,56,321,34,33
484,10493,196,42,398,35,35,10,4,2,1,1,23,40,7,4,6,170,78,362,35,32,149,44,398,35,36
485,10583,213,33,442,35,35,11,4,2,1,1,24,35,6,4,6,167,52,396,36,33,182,34,439,36,37
486,10744,237,28,436,34,33,11,4,2,1,1,26,32,5,5,5,178,33,384,34,31,225,29,429,36,35
487,10834,260,29,381,32,30,10,3,2,1,1,29,30,5,5,5,196,25,330,32,28,268,30,374,34,31
488,10927,272,32,296,30,26,9,3,2,1,1,36,33,7,6,5,204,26,251,29,25,292,34,289,33,26
489,11125,272,32,296,30,26,9,3,2,1,1,36,33,7,6,5,204,26,251,29,25,292,34,289,33,26
490,11224,268,36,205,28,22,9,3,2,1,1,50,50,10,7,5,195,31,170,26,21,292,39,200,31,22
491,11321,252,37,130,26,18,11,3,2,1,1,70,85,15,9,7,166,36,104,24,18,274,42,127,29,18
492,11416,240,35,79,26,15,15,4,3,1,0,95,136,19,12,9,126,39,62,23,15,256,41,80,28,15
493,11637,240,30,52,25,13,19,4,3,1,0,115,190,23,16,11,92,38,42,24,13,250,37,56,26,12
494,11797,292,18,34,21,8,23,5,3,1,0,120,244,23,18,12,77,31,30,22,9,298,24,43,21,8
495,11798,292,18,34,21,8,23,5,3,1,0,120,244,23,18,12,77,31,30,22,9,298,24,43,21,8
496,12005,403,21,25,15,7,17,4,2,1,0,74,180,15,13,9,208,37,22,16,8,422,27,32,15,6
497,12114,478,31,23,13,7,12,3,2,0,0,48,123,10,9,7,332,47,20,14,8,507,37,28,13,7
498,12217,478,31,23,13,7,12,3,2,0,0,48,123,10,9,7,332,47,20,14,8,507,37,28,13,7
499,12316,610,59,28,15,10,5,2,1,0,1,19,37,6,4,4,582,77,26,15,11,660,67,29,16,10
500,12417,625,72,34,18,11,4,2,1,0,1,19,19,6,3,4,626,90,33,17,13,681,81,35,18,12
501,12688,625,72,34,18,11,4,2,1,0,1,19,19,6,3,4,626,90,33,17,13,681,81,35,18,12
502,12689,586,82,40,20,12,5,3,0,0,1,25,15,5,3,4,609,97,41,20,13,643,90,41,20,12
503,12831,386,86,48,19,11,11,4,0,0,1,52,22,5,4,5,493,95,52,22,12,432,90,48,19,11
504,12942,386,86,48,19,11,11,4,0,0,1,52,22,5,4,5,493,95,52,22,12,432,90,48,19,11
505,13052,285,85,52,18,10,16,4,1,0,1,71,29,7,4,6,475,91,56,21,11,325,86,50,17,10
506,13163,215,87,59,16,9,22,5,1,1,1,91,36,10,5,7,503,87,63,19,9,252,83,55,15,9
507,13372,178,97,73,15,9,27,6,1,1,0,107,40,15,5,7,559,87,75,17,9,213,86,70,14,9
508,13479,163,114,95,16,9,29,6,2,1,0,113,40,18,5,7,613,92,91,16,9,194,96,92,14,9
509,13627,151,136,122,18,10,28,6,2,1,0,107,35,20,5,6,631,98,109,16,10,175,110,120,16,10
510,13808,137,158,147,21,12,24,6,2,1,0,90,28,19,5,6,609,105,124,17,12,152,126,146,19,12
511,13809,123,173,166,24,14,18,5,2,1,1,67,21,16,5,5,555,109,132,19,14,130,138,165,22,14
512,13924,125,163,170,25,19,8,3,2,0,1,35,14,8,4,4,427,102,123,20,18,120,136,165,23,19
513,14049,135,140,157,24,20,5,2,1,0,1,31,14,5,3,4,370,91,110,18,19,127,120,149,22,20
514,14169,135,140,157,24,20,5,2,1,0,1,31,14,5,3,4,370,91,110,18,19,127,120,149,22,20
515,14286,145,117,140,21,19,4,2,1,0,1,33,14,4,3,4,322,82,97,17,18,136,104,130,20,19
516,14523,151,98,121,19,17,4,1,1,0,1,37,15,4,4,4,282,77,85,16,17,140,90,111,18,18
517,14711,147,88,102,18,14,4,1,1,1,1,39,15,6,4,4,249,78,75,15,14,135,82,93,17,15
518,14711,120,84,65,14,10,3,1,1,1,1,34,16,10,5,4,179,85,53,13,10,106,79,58,14,10
519,14855,120,84,65,14,10,3,1,1,1,1,34,16,10,5,4,179,85,53,13,10,106,79,58,14,10
520,14984,106,82,48,13,9,3,1,1,1,0,31,17,11,5,4,146,84,42,12,9,90,77,43,13,9
521,15104,83,73,32,12,9,3,1,1,0,0,23,22,10,4,4,87,67,30,11,10,67,71,28,13,10
522,15227,83,73,32,12,9,3,1,1,0,0,23,22,10,4,4,87,67,30,11,10,67,71,28,13,10
523,15348,71,68,35,14,11,3,2,1,0,0,19,26,9,4,3,69,58,35,13,12,59,68,31,14,12
524,15477,60,64,46,16,13,3,2,1,0,0,16,33,7,3,3,66,53,46,15,14,52,67,42,16,15
525,15625,49,59,63,17,15,4,3,1,0,1,14,44,7,3,4,83,50,64,16,16,45,65,59,18,17
526,15821,38,55,84,17,17,4,3,1,0,1,15,58,7,3,4,117,51,85,16,18,38,62,80,18,19
527,15822,30,51,105,17,18,3,3,1,0,1,23,73,8,4,5,161,54,104,15,19,31,59,101,17,20
528,15970,25,49,121,15,18,3,3,1,1,1,41,87,10,5,6,202,59,118,14,19,28,57,118,15,20
529,16100,26,53,128,14,17,6,3,1,1,1,69,99,11,6,7,232,69,125,14,18,33,59,126,14,18
530,16236,33,61,127,14,16,14,5,2,1,1,102,107,11,7,7,249,84,123,14,16,45,66,126,13,17
531,16376,44,72,119,14,15,28,8,3,1,1,133,109,10,8,8,257,101,117,15,14,61,76,120,13,15
532,16521,55,80,108,14,14,46,12,5,1,1,153,106,9,8,8,255,117,109,17,13,76,84,110,14,14
533,16725,61,82,98,14,14,62,15,6,1,1,154,99,8,8,7,248,126,102,18,13,85,86,101,15,14
534,16727,64,79,89,15,15,75,18,7,2,1,136,89,6,7,7,243,126,96,19,14,89,82,94,16,15
535,16886,73,73,82,16,16,82,20,7,1,1,107,79,6,6,6,244,121,89,19,16,94,75,89,18,17
536,17032,99,71,75,18,17,86,21,6,1,1,76,69,5,6,6,255,114,80,19,17,112,71,84,20,18
537,17183,147,73,68,20,18,86,20,5,1,1,55,62,5,5,5,281,108,69,19,18,152,73,79,22,19
538,17184,297,101,58,22,17,78,18,4,1,1,54,57,5,5,5,356,111,51,19,17,299,114,74,25,18
539,17339,375,133,62,22,16,69,16,4,1,1,69,65,6,6,6,381,132,53,19,15,388,160,80,24,17
540,17505,429,179,71,20,15,56,13,3,1,1,86,84,6,8,7,384,169,63,18,14,457,222,90,21,15
541,17731,429,179,71,20,15,56,13,3,1,1,86,84,6,8,7,384,169,63,18,14,457,222,90,21,15
542,17732,411,279,89,14,13,25,7,1,1,1,111,156,8,11,10,312,262,87,14,12,454,341,108,14,13
543,17911,411,279,89,14,13,25,7,1,1,1,111,156,8,11,10,312,262,87,14,12,454,341,108,14,13
544,17913,261,304,80,8,12,7,3,0,1,1,104,206,9,11,11,188,289,82,9,12,282,348,94,8,12
545,18144,261,304,80,8,12,7,3,0,1,1,104,206,9,11,11,188,289,82,9,12,282,348,94,8,12
546,18316,180,271,68,7,11,5,3,0,1,0,88,196,9,10,10,135,258,70,7,11,185,299,78,7,11
547,18317,115,218,54,7,10,4,3,0,1,0,67,163,8,8,8,93,206,56,7,9,108,231,61,7,10
548,18476,47,108,41,9,7,3,2,0,1,0,27,73,5,4,4,53,100,40,8,7,36,106,44,9,7
549,18672,47,108,41,9,7,3,2,0,1,0,27,73,5,4,4,53,100,40,8,7,36,106,44,9,7
550,18898,36,74,46,10,6,3,2,0,1,0,19,41,3,3,3,50,70,42,10,6,27,71,49,11,7
551,18898,32,58,59,13,6,2,2,1,0,1,22,26,2,3,3,54,60,51,13,6,26,56,62,14,6
552,19073,32,56,76,17,6,2,1,1,0,1,35,25,2,3,3,67,64,64,17,7,27,57,80,18,7
553,19073,34,62,92,21,7,1,1,1,0,1,53,31,2,3,3,84,76,78,22,8,32,65,98,22,7
554,19244,41,73,103,25,8,1,1,1,0,1,72,39,3,3,3,117,91,87,25,9,42,78,110,26,8
555,19420,49,86,107,27,9,1,1,1,1,1,91,49,3,3,4,159,106,91,27,10,54,93,115,28,10
556,19421,62,95,107,28,11,3,1,1,1,1,105,57,3,3,4,205,117,91,27,12,71,104,113,28,11
557,19592,80,100,105,27,13,10,4,2,1,1,115,62,4,3,4,252,125,88,26,13,92,110,108,27,13
558,19862,106,100,106,25,15,39,11,4,2,1,119,65,4,3,4,286,129,86,24,15,121,111,105,25,15
559,19863,136,98,111,22,16,110,29,8,3,1,116,64,4,3,4,305,129,85,22,17,155,108,105,22,16
560,20025,170,96,119,20,17,229,62,16,5,0,105,62,5,3,4,297,126,86,20,19,191,105,109,20,17
561,20221,194,97,129,19,18,380,110,28,7,0,89,59,5,4,4,274,119,89,19,21,216,104,117,19,18
562,20221,204,99,141,17,18,529,167,46,10,1,70,59,5,4,4,233,109,94,19,22,224,104,126,18,19
563,20404,199,99,155,16,19,635,218,68,13,1,51,62,6,4,4,188,99,100,18,23,212,104,136,18,20
564,20408,191,98,172,17,19,669,249,89,17,1,39,68,7,4,5,145,89,106,17,25,192,102,148,18,21
565,20587,191,95,190,17,20,621,251,102,19,1,36,79,8,5,5,113,83,114,17,25,177,100,160,20,21
566,20870,205,95,203,19,19,511,221,104,19,1,41,94,9,5,5,102,82,119,17,25,176,101,169,21,21
567,20870,226,105,203,20,18,372,171,94,17,1,49,111,10,6,6,109,89,119,17,24,188,111,169,22,20
568,21056,243,130,187,20,16,240,114,73,14,1,57,127,10,6,6,127,109,111,18,21,203,136,155,22,18
569,21057,242,175,157,19,15,139,65,50,9,1,60,136,9,7,6,144,145,96,17,18,207,179,131,20,16
570,21241,231,229,120,18,13,73,31,28,5,1,61,136,8,7,6,201,194,77,17,15,204,233,102,18,14
571,21426,195,308,68,15,13,14,6,5,1,0,64,110,5,5,5,629,297,55,16,14,185,313,64,16,14
572,21427,195,308,68,15,13,14,6,5,1,0,64,110,5,5,5,629,297,55,16,14,185,313,64,16,14
573,21632,186,308,74,16,14,7,3,2,0,0,69,90,6,4,5,992,334,69,17,15,181,313,74,16,15
574,21907,189,279,109,18,17,5,3,2,0,0,80,70,8,3,4,1342,355,104,19,18,186,283,108,18,18
575,21907,204,232,165,21,21,5,2,2,0,0,95,55,11,3,4,1584,359,155,22,22,201,234,162,21,23
576,21908,219,182,229,25,26,6,2,1,0,1,110,46,14,3,4,1619,348,210,26,26,217,182,223,25,28
577,22098,233,143,287,30,31,6,2,1,1,1,122,40,17,3,4,1463,324,258,30,30,232,141,278,29,33
578,22293,236,120,326,34,35,6,2,1,1,1,124,37,19,4,5,1161,287,288,34,34,236,116,316,33,38
579,22294,191,97,326,40,36,5,2,1,1,1,101,32,19,5,4,508,188,288,38,35,188,93,323,39,39
580,22490,191,97,326,40,36,5,2,1,1,1,101,32,19,5,4,508,188,288,38,35,188,93,323,39,39
581,22776,145,83,295,40,33,4,2,1,1,1,76,29,17,5,4,293,139,264,37,32,141,80,297,39,36
582,22777,72,66,208,34,23,3,1,1,0,1,30,23,14,5,3,110,98,194,31,23,66,64,216,34,25
583,22986,72,66,208,34,23,3,1,1,0,1,30,23,14,5,3,110,98,194,31,23,66,64,216,34,25
584,22986,63,68,164,30,17,3,1,1,0,1,18,22,12,5,3,117,118,156,27,18,56,67,171,30,19
585,23188,71,80,122,25,13,2,1,1,0,1,13,23,12,4,4,201,171,126,24,15,62,77,128,26,15
586,23189,90,97,87,22,10,2,1,1,0,1,15,28,12,4,4,407,252,105,23,12,78,90,90,22,11
587,23391,112,116,58,19,8,2,2,1,0,1,20,36,14,4,5,763,347,98,24,10,96,104,61,20,9
588,23596,128,128,40,17,7,3,2,1,0,1,27,47,17,5,6,1241,435,100,25,8,108,113,41,18,7
589,23598,132,131,31,16,5,3,2,1,0,1,32,56,20,5,7,1755,491,104,26,7,110,113,31,16,6
590,23898,123,121,25,14,5,3,2,1,0,1,34,61,21,5,7,2142,499,102,26,6,101,106,25,15,5
591,23898,102,102,21,12,4,4,2,1,0,0,31,60,21,5,7,2302,455,90,23,5,84,92,20,12,4
592,24101,76,78,16,9,3,4,2,1,0,0,24,53,18,5,6,2151,373,70,19,4,63,75,16,10,3
593,24102,52,54,12,6,2,4,2,0,0,0,17,41,14,4,5,1763,276,48,14,3,45,57,12,7,3
594,24328,33,36,9,4,2,5,1,0,0,0,10,28,9,3,4,1238,185,29,9,3,32,43,10,4,2
595,24329,21,24,8,3,2,6,1,0,0,0,6,17,6,3,3,732,114,16,6,3,23,33,9,3,2
596,24550,16,18,7,2,2,6,1,0,0,0,4,10,3,3,3,358,66,10,4,3,18,26,10,2,2
597,24550,13,14,8,2,2,7,1,0,0,1,4,6,2,3,2,142,37,8,4,3,14,21,10,2,2
598,24864,13,9,7,2,2,6,1,0,0,1,4,6,1,3,3,17,11,6,3,2,9,12,9,2,2
599,24865,13,9,7,2,2,6,1,0,0,1,4,6,1,3,3,17,11,6,3,2,9,12,9,2,2
600,25089,16,6,6,2,2,5,1,0,0,0,4,7,1,3,3,11,7,6,3,2,11,9,7,2,2
601,25090,32,3,5,2,2,4,1,1,0,0,7,13,1,3,3,16,5,6,4,2,24,4,5,2,2
602,25308,43,2,5,2,2,4,2,1,1,0,9,17,1,3,3,22,5,6,4,2,33,4,6,3,2
603,25309,51,2,5,2,2,5,2,1,1,0,11,20,1,3,3,26,5,6,4,3,39,4,6,3,2
604,25528,54,2,5,2,2,6,3,1,1,0,11,21,1,3,3,28,5,6,5,3,41,4,6,3,2
605,25868,54,2,5,2,2,6,3,1,1,0,11,21,1,3,3,28,5,6,5,3,41,4,6,3,2
606,25869,51,2,4,2,2,8,3,2,1,0,10,19,1,3,3,26,5,5,4,3,39,5,5,3,2
607,25869,44,3,4,2,2,10,2,2,1,0,8,16,2,3,3,25,4,4,4,3,34,5,5,2,1
608,26120,37,4,3,2,2,11,2,3,1,0,8,14,2,3,3,29,4,4,4,2,33,6,5,2,1
609,26120,35,7,4,2,2,12,2,3,1,0,10,18,3,3,3,41,8,4,4,2,37,10,6,2,1
610,26359,41,12,5,2,2,11,1,3,1,0,16,31,5,2,3,60,16,5,4,2,48,17,8,2,2
611,26360,54,21,7,3,2,9,1,2,1,0,31,56,8,3,4,79,26,7,4,2,64,27,11,3,2
612,26621,74,32,9,3,2,7,1,2,1,0,59,89,12,4,6,94,39,9,4,2,82,40,13,3,2
613,26622,96,42,10,3,3,6,2,1,1,0,103,125,15,5,9,98,48,11,4,2,100,52,15,3,3
614,26992,114,49,12,3,2,4,2,1,1,0,157,153,19,8,13,94,53,12,4,2,112,60,17,3,2
615,26993,124,52,13,3,2,3,2,1,1,0,208,166,21,11,17,83,52,13,4,2,116,63,18,3,2
616,26993,123,49,13,3,2,3,2,0,1,0,239,158,22,13,19,71,46,12,3,2,112,60,17,3,2
617,27310,110,43,12,2,2,3,2,0,1,0,241,132,21,14,19,59,37,11,3,2,101,52,16,3,2
618,27311,90,33,10,2,1,2,2,1,1,0,212,97,18,14,17,49,27,10,3,2,83,41,14,3,2
619,27311,66,24,8,2,1,2,2,1,1,0,162,61,14,12,13,39,19,8,2,2,62,29,11,2,2
620,27588,44,16,6,2,1,2,2,1,1,0,104,33,10,11,9,30,13,6,2,2,42,19,7,2,2
621,27590,28,10,4,2,1,3,2,1,1,0,56,15,7,10,6,21,9,4,2,2,26,12,5,2,2
622,27954,21,8,3,2,2,3,2,1,1,0,25,6,4,9,5,15,7,3,2,2,16,8,3,2,2
623,27955,20,9,2,2,2,3,2,1,1,0,11,3,3,9,4,11,6,3,2,2,11,7,1,2,2
624,27955,23,11,3,3,2,2,2,1,1,0,7,3,2,9,5,11,7,3,3,2,10,9,1,2,2
625,28265,28,13,3,3,2,2,2,1,1,0,7,3,2,9,5,13,8,3,3,2,13,11,1,3,2
626,28265,34,15,3,3,2,2,1,1,0,0,9,4,1,9,6,14,9,4,3,2,16,12,1,3,2
627,28689,39,16,3,3,2,3,1,0,0,0,10,5,1,9,6,17,10,4,3,1,20,13,1,3,2
628,28690,41,15,3,3,2,3,1,0,0,0,11,7,1,9,6,17,10,4,3,1,22,13,1,3,1
629,28693,40,14,2,3,2,4,1,0,1,0,11,9,1,9,6,19,9,5,3,1,23,12,1,3,1
630,29084,37,13,3,3,2,5,1,0,1,0,11,12,1,9,6,19,8,5,3,2,23,11,2,3,2
631,29085,34,12,5,5,3,7,2,0,1,0,11,15,2,11,6,20,8,6,2,2,25,10,2,4,2
632,29085,36,13,9,8,4,10,2,0,1,0,11,19,2,13,6,26,9,6,2,3,38,10,4,5,4
633,29086,45,16,16,13,5,15,3,1,1,0,11,23,4,16,8,37,11,6,2,3,64,10,5,8,6
634,29843,74,28,28,23,7,27,5,1,1,0,15,29,10,21,12,72,18,6,2,4,143,12,10,13,10
635,29845,74,28,28,23,7,27,5,1,1,0,15,29,10,21,12,72,18,6,2,4,143,12,10,13,10
636,29847,85,35,30,24,7,31,6,1,1,0,18,31,14,22,14,89,21,6,2,4,171,14,12,13,11
637,29848,87,38,30,23,7,31,6,1,1,0,21,30,17,22,15,98,21,6,2,4,177,15,13,13,11
638,30493,78,38,27,18,5,29,6,1,1,0,23,28,19,21,15,96,20,7,2,3,159,15,14,10,9
639,30494,62,35,22,13,4,24,5,1,1,0,22,24,19,20,14,83,18,7,1,2,123,15,13,8,6
640,30495,44,29,16,8,3,19,5,1,1,0,19,19,16,19,11,66,16,7,1,2,82,15,12,5,4
641,30497,19,17,9,3,1,11,5,1,1,0,12,12,8,16,6,30,13,6,2,1,23,13,8,2,1
642,30498,19,17,9,3,1,11,5,1,1,0,12,12,8,16,6,30,13,6,2,1,23,13,8,2,1
643,30498,14,14,7,3,1,9,5,1,1,0,10,10,5,15,4,24,12,5,2,1,12,12,6,2,1
644,30499,12,13,6,3,1,8,5,1,1,0,9,10,4,13,4,27,11,5,2,1,8,10,5,3,1
645,31157,12,12,6,4,1,7,5,1,1,0,9,10,3,12,4,36,11,4,3,1,7,8,5,3,1
646,31158,12,12,5,4,1,8,4,1,0,0,9,11,2,12,4,47,10,4,3,1,7,8,4,3,1
647,31709,12,13,5,4,1,9,4,2,0,0,9,11,2,11,5,56,11,4,2,1,8,8,4,3,1
648,31711,11,14,4,3,1,9,4,2,1,1,9,11,2,12,5,59,11,4,2,1,8,9,3,3,1
649,31711,11,15,4,3,1,9,3,2,1,1,9,10,2,12,6,55,13,5,2,1,9,11,3,2,1
650,31712,12,15,4,2,1,7,2,3,0,1,11,7,4,12,7,35,14,7,2,1,11,13,4,2,1
651,31713,12,15,4,2,1,7,2,3,0,1,11,7,4,12,7,35,14,7,2,1,11,13,4,2,1
652,31717,15,13,4,2,1,6,2,2,0,1,12,6,4,12,8,28,13,8,3,1,13,12,5,2,1
653,31717,18,12,4,3,1,6,1,2,0,1,13,4,4,12,8,34,12,8,3,1,15,11,5,2,1
654,32374,21,10,4,3,1,6,1,2,0,1,12,3,4,12,8,62,11,8,3,1,18,9,5,3,1
655,32376,25,8,4,3,1,7,1,2,1,1,11,3,4,12,8,121,11,6,3,1,20,7,5,3,1
656,33208,27,7,4,3,1,7,1,2,1,1,8,3,3,11,8,204,11,5,3,1,21,5,4,3,1
657,33208,28,7,5,3,2,8,1,2,1,0,6,4,2,11,9,295,13,3,3,1,22,5,4,3,1
658,33954,27,7,5,3,2,10,2,3,1,0,5,5,2,11,10,372,14,2,3,1,21,5,3,3,1
659,33955,25,7,5,3,2,13,2,4,1,0,4,6,2,13,11,407,13,2,3,1,19,4,3,3,2
660,33956,22,7,5,3,2,16,3,5,1,0,5,7,2,16,13,389,12,1,3,1,17,4,3,3,2
661,33957,15,5,5,2,2,18,3,5,1,0,5,8,3,23,16,241,7,1,2,2,11,3,3,2,2
662,33958,15,5,5,2,2,18,3,5,1,0,5,8,3,23,16,241,7,1,2,2,11,3,3,2,2
663,34625,12,4,4,2,2,17,3,4,1,0,6,9,3,24,15,152,5,2,2,2,10,3,2,2,2
664,34632,11,3,4,1,2,14,3,3,1,0,8,9,2,25,14,81,4,2,1,2,9,3,2,2,2
665,34633,10,3,3,1,1,10,3,2,1,0,11,9,3,23,12,43,4,3,1,2,8,3,2,1,2
666,34636,10,2,2,1,1,7,3,1,1,0,13,9,3,21,9,38,5,3,1,2,8,3,2,1,1
667,34637,10,2,2,1,1,6,3,1,0,0,15,8,3,19,7,52,5,3,1,2,8,2,2,1,1
668,34642,11,3,2,1,1,6,3,1,0,0,15,7,4,17,6,82,6,3,1,2,8,3,2,2,1
669,34651,15,4,2,1,1,6,3,1,0,0,15,6,6,16,5,118,6,3,1,1,9,4,2,2,1
670,34651,37,10,2,2,1,8,3,1,0,0,13,5,8,15,5,166,8,2,1,1,17,6,1,2,1
671,34652,37,10,2,2,1,8,3,1,0,0,13,5,8,15,5,166,8,2,1,1,17,6,1,2,1
672,34656,53,13,2,2,0,8,3,1,0,0,12,5,8,15,5,161,8,2,1,1,22,8,1,1,1
673,34660,65,15,2,1,0,7,3,1,1,1,11,5,8,15,5,138,7,1,1,1,27,9,2,1,0
674,34661,70,15,3,1,1,7,3,1,1,1,10,5,7,15,5,102,6,1,1,1,29,9,2,1,0
675,34666,66,14,3,1,1,7,4,1,1,1,9,6,6,15,5,66,5,1,1,1,27,8,3,1,1
676,34673,54,11,3,1,1,7,4,2,1,1,8,5,5,16,5,38,4,1,1,1,22,7,3,1,1
677,34675,38,8,3,1,1,8,5,2,1,1,7,5,4,16,4,21,3,1,1,1,16,6,3,1,1
678,35212,25,5,3,1,1,9,4,2,1,1,6,5,3,17,4,12,3,2,1,1,12,4,3,1,1
679,35214,17,4,3,1,1,9,4,2,1,1,7,5,3,17,4,10,3,3,1,1,11,4,3,1,1
680,35214,14,4,3,1,1,9,3,2,1,1,7,5,3,17,4,13,4,4,1,1,13,4,3,1,1
681,35215,16,4,4,1,1,9,2,1,1,1,8,5,3,16,5,22,5,4,1,1,15,4,3,1,1
682,35216,18,6,5,1,1,9,2,1,1,1,8,5,2,14,5,40,7,4,1,1,18,4,3,2,1
683,35733,20,7,5,2,1,9,2,1,0,0,8,6,2,13,5,62,9,4,1,1,19,5,4,2,1
684,35734,21,9,6,2,1,8,2,1,0,0,8,6,3,12,5,88,10,3,1,1,19,5,4,2,1
685,35735,20,9,6,2,1,7,2,1,0,0,11,7,5,14,5,107,11,3,1,1,17,5,4,2,1
686,35737,18,8,6,2,1,7,2,1,0,0,17,9,11,19,6,115,11,3,1,1,15,4,4,2,1
687,36290,14,7,5,2,1,6,1,1,0,0,29,13,19,26,7,108,10,2,1,1,13,3,4,3,1
688,36290,10,5,4,2,1,5,1,1,0,0,43,18,29,34,8,90,8,2,1,1,10,3,3,3,1
689,36290,7,4,3,2,1,5,1,1,0,0,58,22,39,40,10,64,6,2,1,1,8,2,2,2,1
690,36291,5,2,2,2,1,4,1,1,0,0,69,27,45,43,11,41,4,2,1,1,6,2,2,2,1
691,36292,3,1,1,2,1,4,1,1,0,0,73,29,47,42,12,44,4,3,1,1,4,1,2,2,1
692,36704,2,1,1,1,1,4,1,1,0,0,68,30,45,37,13,90,7,3,1,1,2,1,2,2,1
693,36706,2,1,1,1,1,4,1,0,0,0,58,29,39,31,13,176,11,3,1,1,2,1,2,2,1
694,37121,2,1,1,1,1,4,1,1,0,0,44,26,31,26,12,285,16,3,1,1,2,1,2,1,1
695,37121,3,2,1,1,1,4,1,1,0,0,31,22,23,21,10,381,19,4,1,1,3,2,3,1,1
696,37122,3,2,1,1,1,4,1,1,0,0,20,17,16,17,9,439,19,4,1,1,3,2,3,1,1
697,37123,3,1,2,1,1,4,2,1,1,0,14,12,11,15,8,444,18,4,1,1,4,2,3,1,1
698,37477,3,1,2,1,1,4,2,1,1,0,10,8,8,14,7,386,14,4,1,1,4,2,3,1,1
699,37478,3,1,2,1,1,3,2,1,1,0,8,7,7,15,7,298,10,4,1,1,4,2,3,1,1
700,37479,3,1,3,1,1,3,3,1,1,0,8,7,7,18,8,195,6,4,1,1,3,2,3,1,1
701,37936,2,1,3,1,1,3,3,1,1,0,10,8,10,23,10,110,4,4,1,1,3,2,3,1,1
702,37937,2,1,3,1,1,4,3,1,1,0,15,11,16,27,12,56,3,4,1,1,2,2,3,1,1
703,37938,2,2,3,1,1,4,3,1,1,1,24,13,24,31,14,30,3,3,1,1,2,2,3,1,1
704,37938,2,3,2,1,1,5,3,1,1,1,36,15,34,31,16,22,4,3,1,1,2,3,2,1,1
705,38300,2,3,2,1,1,5,2,1,1,1,52,15,43,30,17,21,5,3,2,1,3,4,2,1,1
706,38301,2,4,2,1,1,5,2,1,1,1,67,16,50,28,17,45,9,3,2,1,4,5,1,1,1
707,38301,3,4,2,1,1,6,2,1,1,1,79,15,52,26,17,111,16,5,3,1,5,5,1,1,1
708,38718,4,5,1,1,1,6,1,1,1,0,85,14,49,26,17,230,26,7,3,1,6,5,1,1,1
709,38718,6,6,2,1,1,7,1,1,1,0,83,13,42,29,17,380,36,9,4,1,7,5,1,1,1
710,38720,8,7,2,1,1,7,1,1,1,0,75,11,34,32,17,529,45,11,5,1,7,6,1,2,1
711,39229,9,9,3,2,1,7,1,1,0,0,63,10,25,35,16,627,49,12,5,1,7,7,2,2,1
712,39230,10,10,4,2,1,7,1,1,0,0,50,9,18,36,15,642,46,12,5,2,8,8,3,2,1
713,39231,12,11,4,2,1,6,2,0,0,0,37,8,12,35,14,594,39,11,5,2,11,9,3,2,1
714,39232,14,11,4,2,1,5,2,0,0,0,27,7,8,33,13,534,31,9,4,2,15,10,4,2,1
715,39946,16,10,4,2,1,4,2,0,0,0,18,6,5,31,12,508,29,9,3,1,19,9,4,2,1
716,39948,17,8,4,2,1,4,2,0,0,0,12,5,3,30,10,528,38,11,3,1,21,8,4,2,1
717,39948,18,7,5,2,1,5,2,0,0,0,9,4,2,29,9,592,56,14,3,1,22,7,5,2,1
718,39949,18,7,7,3,1,5,2,0,0,0,7,3,2,29,8,662,77,19,3,1,21,6,7,3,1
719,39950,18,8,10,4,2,5,2,0,0,0,6,3,3,29,8,695,94,24,5,2,20,7,10,4,2
720,39950,20,11,15,6,3,5,2,1,1,0,5,3,4,29,8,665,99,31,7,3,21,10,15,6,3
721,40445,25,14,19,10,4,5,2,1,1,1,4,4,5,28,8,567,92,37,11,4,24,13,20,9,4
722,40446,31,17,23,13,4,5,2,1,0,1,3,6,5,26,9,414,76,42,14,5,30,16,25,12,4
723,40448,37,18,24,15,5,5,2,1,0,1,3,8,6,25,10,263,56,43,16,5,35,18,28,14,5
724,40448,41,18,23,16,5,5,2,1,0,0,3,10,6,24,10,153,38,42,16,5,39,18,28,14,5
725,40989,40,17,20,14,4,5,2,1,0,0,4,12,5,23,11,102,27,37,15,5,39,17,24,13,4
726,40990,35,14,15,11,3,6,2,1,0,0,5,13,4,24,11,112,23,31,12,4,35,14,19,10,3
727,40991,28,11,10,8,2,6,1,1,0,0,5,13,3,24,11,184,25,24,9,4,29,11,13,7,3
728,40991,20,9,7,5,1,6,1,1,0,0,5,12,2,25,11,289,29,18,7,3,22,9,9,5,2
729,41390,13,8,4,3,1,6,2,1,0,0,5,9,2,25,11,378,32,13,5,3,16,7,6,3,2
730,41391,10,7,3,2,1,7,2,1,0,0,4,8,2,26,11,422,33,10,4,2,13,7,4,2,2
731,41391,9,7,3,2,1,7,2,1,0,0,4,7,3,26,10,420,31,7,4,2,11,6,4,2,2
732,41417,12,7,4,1,1,7,2,1,0,0,4,7,4,27,10,375,26,5,3,3,11,6,4,1,2
733,41887,17,7,4,1,1,7,2,1,0,0,4,7,4,27,10,311,20,5,3,3,12,6,4,1,2
734,41887,24,8,5,1,1,6,3,1,0,0,4,7,5,27,11,255,16,5,2,2,15,7,5,1,2
735,41887,30,8,5,2,1,6,3,1,0,0,5,7,4,27,12,265,22,9,3,2,18,7,6,2,1
736,42244,33,9,6,2,1,7,3,1,0,0,5,7,4,27,12,390,42,16,4,2,20,8,7,2,1
737,42244,32,9,6,2,1,8,3,1,0,0,5,7,3,27,13,629,77,27,6,2,20,8,7,2,1
738,42245,27,9,6,2,1,8,3,1,0,0,6,6,3,27,14,923,120,40,8,2,18,8,7,2,1
739,42688,20,8,5,2,1,9,2,1,0,0,5,6,2,28,14,1174,157,50,10,2,14,7,6,2,1
740,42689,13,7,5,2,1,8,2,1,0,0,5,5,2,28,13,1299,176,55,11,2,11,7,5,2,1
741,42689,8,7,4,2,1,7,1,1,0,0,4,5,2,28,12,1245,170,52,11,2,8,7,4,2,1
742,42691,6,6,3,2,1,5,1,1,0,0,4,4,2,28,12,1040,142,43,9,2,7,7,3,2,1
743,43209,6,6,2,2,1,4,1,1,0,0,4,4,2,28,11,745,100,30,7,1,6,6,2,2,1
744,43210,7,6,2,1,1,4,1,1,1,0,4,3,1,28,10,454,59,17,5,1,6,6,2,2,1
745,43211,7,6,2,1,1,3,1,1,1,0,4,3,1,28,10,230,28,8,3,1,6,5,1,2,1
746,43212,7,5,2,1,1,3,1,1,1,0,4,3,1,28,10,103,10,3,2,1,5,4,1,1,1
747,43908,8,4,3,1,1,4,2,1,1,0,4,3,1,29,11,50,4,2,2,1,5,3,2,1,1
748,43908,11,4,4,1,1,5,2,1,1,0,4,3,1,30,11,41,3,2,2,1,7,3,2,1,1
749,43909,17,5,5,2,1,7,2,1,0,1,4,2,2,31,11,45,4,3,2,2,12,4,3,1,1
750,43909,29,6,7,2,1,11,2,1,0,1,4,2,3,32,11,68,7,3,2,2,21,6,3,2,1
751,43910,43,8,7,2,2,16,2,1,0,1,5,2,3,32,12,138,13,4,3,2,34,8,4,2,1
752,43911,57,9,7,3,2,20,3,1,0,1,7,3,4,32,12,271,24,6,3,2,46,10,4,3,1
753,44469,65,9,7,3,2,22,3,1,0,0,9,5,4,29,12,479,40,7,4,2,55,11,4,3,1
754,44472,65,8,5,3,2,21,3,1,0,0,11,8,4,26,12,714,60,8,4,2,57,10,4,3,1
755,44472,57,7,4,3,2,18,3,1,0,0,13,11,5,22,12,928,79,9,4,2,51,9,3,3,1
756,44474,43,6,3,3,1,13,3,1,0,0,14,14,4,20,11,1048,93,9,3,2,40,7,3,3,1
757,45099,28,5,3,2,1,9,2,1,1,0,13,16,4,20,10,1036,97,9,3,1,27,7,3,3,1
758,45100,16,5,2,2,1,6,2,1,1,0,13,17,4,21,9,896,91,8,3,1,16,6,3,3,1
759,45100,10,6,2,2,1,4,2,1,1,0,13,16,4,24,9,670,77,7,2,1,10,7,3,3,1
760,45101,8,7,2,2,1,4,2,1,1,0,14,15,4,27,9,429,58,6,2,1,7,8,3,2,1
761,45101,9,7,3,2,1,4,2,0,1,0,16,14,4,30,9,229,40,5,2,1,8,9,4,2,1
762,45578,11,8,3,2,1,4,2,0,1,0,20,12,4,31,10,102,26,4,2,1,9,9,4,2,1
763,45579,13,8,4,2,1,4,2,0,1,0,23,11,4,30,11,40,17,4,1,1,11,9,5,1,1
764,45580,14,7,5,1,1,4,2,0,1,0,26,10,4,29,12,18,11,4,1,1,11,9,5,1,1
765,45581,14,6,5,1,1,4,1,0,1,0,27,10,4,27,13,15,7,4,1,1,11,8,5,1,1
766,46128,16,6,5,1,1,4,1,0,1,0,28,10,4,25,14,15,6,4,1,1,11,7,5,1,1
767,46129,19,6,5,1,1,3,1,0,1,0,28,10,4,23,15,14,5,4,1,1,12,6,5,1,1
768,46130,23,6,5,1,1,3,1,0,1,0,27,11,5,22,15,22,7,4,1,1,14,5,5,1,1
769,46131,27,6,5,1,1,3,2,0,1,0,26,11,5,21,14,89,19,6,2,1,16,5,5,2,1
770,46580,30,6,6,2,1,4,2,0,1,0,24,11,5,19,14,293,55,13,3,1,18,5,6,2,1
771,46581,31,6,6,2,1,4,2,0,1,0,21,10,5,19,13,731,124,25,5,1,19,5,6,2,1
772,46582,28,5,7,2,1,5,2,0,1,0,17,9,5,18,13,1345,219,43,8,2,17,5,6,2,1
773,46584,24,4,6,2,1,5,2,0,1,1,13,8,4,18,13,2031,316,61,11,2,13,4,6,2,1
774,47162,19,4,5,2,2,6,2,0,1,1,9,7,3,19,13,2556,386,75,13,2,10,3,5,2,1
775,47163,14,3,4,2,2,5,1,0,1,1,6,6,3,20,14,2755,403,79,14,2,6,3,4,2,1
776,47163,11,3,3,2,2,4,1,0,1,0,4,5,3,21,13,2545,363,71,13,2,4,3,3,2,1
777,47164,8,3,2,2,2,3,1,1,0,0,3,4,3,22,13,2006,278,55,10,2,4,3,3,2,1
778,47165,7,3,2,2,1,3,1,1,0,0,3,3,3,24,13,1323,178,36,7,1,4,3,3,2,1
779,47676,6,3,1,2,1,2,2,1,0,0,3,3,3,24,12,707,91,19,4,1,6,3,3,2,1
780,47676,8,3,2,2,1,3,2,1,0,0,3,3,4,25,11,300,36,8,2,1,9,3,3,2,1
781,47677,15,5,2,2,1,4,2,1,0,0,3,4,4,24,11,113,13,4,2,2,16,4,3,3,1
782,47678,33,9,4,3,2,7,2,1,1,0,3,5,4,23,10,92,10,3,3,2,31,7,4,4,2
783,48221,63,16,6,5,2,13,2,1,1,0,5,8,5,23,10,178,16,5,4,3,54,11,5,7,2
784,48222,99,24,9,7,3,22,2,2,1,1,9,13,7,23,10,348,23,8,6,3,81,17,6,11,3
785,48222,132,31,12,9,3,31,3,2,1,1,15,20,8,25,10,552,31,12,7,4,105,23,9,14,3
786,48223,152,35,16,10,4,38,3,2,2,1,22,27,9,28,11,750,38,17,8,5,120,27,11,16,4
787,48784,151,35,18,10,4,41,3,2,2,1,29,33,9,31,12,881,42,21,9,6,119,28,14,16,5
788,48784,130,32,19,9,5,38,3,2,1,1,32,37,9,33,12,900,44,24,9,6,104,26,16,14,6
789,48786,97,27,19,8,5,31,2,2,1,1,32,37,9,33,13,803,43,25,8,6,79,23,18,12,6
790,48787,62,23,19,8,5,22,2,1,1,1,28,34,9,32,13,619,42,25,8,5,52,20,19,9,6
791,48787,34,22,19,8,5,14,2,1,1,1,22,29,9,28,13,407,41,26,9,5,30,20,20,8,6
792,49284,19,24,21,10,5,8,2,0,0,1,16,22,9,24,13,224,41,27,11,5,18,24,23,8,6
793,49285,14,27,22,11,4,5,1,0,0,1,12,16,9,19,12,99,41,29,12,5,13,28,25,9,5
794,49285,14,30,24,12,4,4,1,0,0,1,9,12,9,16,11,36,40,29,13,5,14,32,27,10,4
795,49285,15,30,23,12,4,3,1,0,0,1,8,9,8,14,11,13,37,27,12,4,16,33,27,10,4
796,50011,15,27,21,10,3,3,1,0,0,0,7,7,7,13,10,9,31,22,11,4,18,30,24,9,3
797,50012,16,22,18,9,3,3,1,1,0,0,6,6,6,14,10,14,25,17,10,3,20,26,20,9,2
798,50013,20,20,16,10,2,2,1,1,1,0,5,5,5,16,10,33,21,14,11,3,24,23,17,11,2
799,50014,31,24,17,15,2,3,1,1,1,0,5,4,5,18,11,84,25,13,15,3,36,26,18,15,2
800,50014,52,35,22,22,3,4,1,1,1,0,6,5,6,21,12,161,37,16,22,3,57,35,22,22,3