n,time,AF3_theta,AF3_alpha,AF3_betaL,AF3_betaH,AF3_gamma,T7_theta,T7_alpha,T7_betaL,T7_betaH,T7_gamma,Pz_theta,Pz_alpha,Pz_betaL,Pz_betaH,Pz_gamma,T8_theta,T8_alpha,T8_betaL,T8_betaH,T8_gamma,AF4_theta,AF4_alpha,AF4_betaL,AF4_betaH,AF4_gamma
0,0,droite,13,8,5,5,5,45,5,5,6,6,4,3,2,27,9,7,8,4,6,6,9,5,2,4,4
1,1,droite,14,7,7,5,5,38,8,9,6,6,2,2,2,30,9,12,9,7,7,7,11,5,4,4,5
2,3,droite,14,7,7,5,5,38,8,9,6,6,2,2,2,30,9,12,9,7,7,7,11,5,4,4,5
3,111,droite,14,6,7,6,5,33,12,11,6,7,2,1,1,30,9,13,8,11,9,7,10,4,5,5,5
4,233,droite,12,6,6,6,5,33,13,11,6,7,2,1,1,29,9,12,7,12,9,6,9,4,4,5,5
5,350,droite,12,6,6,6,5,33,13,11,6,7,2,1,1,29,9,12,7,12,9,6,9,4,4,5,5
6,413,droite,11,6,5,7,5,33,13,10,7,7,2,1,1,28,9,10,7,13,9,6,7,4,4,6,5
7,602,droite,11,6,3,7,5,37,9,7,8,7,3,1,0,31,9,6,6,11,8,5,4,4,3,6,5
8,680,droite,11,6,3,7,5,37,9,7,8,7,3,1,0,31,9,6,6,11,8,5,4,4,3,6,5
9,850,droite,13,5,3,7,5,41,7,6,9,7,3,1,1,34,9,4,5,10,7,5,4,3,3,6,5
10,983,droite,14,5,3,6,5,46,5,5,9,7,4,2,1,37,10,3,5,9,7,6,3,3,3,6,5
11,1115,droite,14,4,4,5,3,56,2,3,6,4,9,4,5,31,10,3,3,7,9,6,2,2,3,4,3
12,1233,droite,31,20,17,13,5,62,7,6,8,4,39,33,27,41,13,5,5,8,10,6,2,2,3,4,3
13,1352,droite,141,117,96,58,17,87,35,28,19,7,215,196,147,110,33,21,18,19,16,7,2,2,3,4,2
14,1491,droite,433,372,300,173,48,158,104,83,47,14,685,617,452,289,82,64,53,50,32,10,2,2,3,3,2
15,1547,droite,433,372,300,173,48,158,104,83,47,14,685,617,452,289,82,64,53,50,32,10,2,2,3,3,2
16,1689,droite,2587,2180,1747,951,247,708,595,474,244,68,4173,3626,2571,1512,413,384,309,285,140,36,11,4,8,3,2
17,1794,droite,2587,2180,1747,951,247,708,595,474,244,68,4173,3626,2571,1512,413,384,309,285,140,36,11,4,8,3,2
18,1911,droite,2242,1858,1499,800,205,631,517,413,207,58,3635,3095,2177,1271,344,332,266,254,121,31,14,6,10,5,4
19,2104,droite,465,366,309,155,40,173,116,98,42,13,760,612,427,252,66,71,57,65,29,9,17,8,10,5,5
20,2252,droite,35,22,27,10,5,53,19,20,5,3,54,38,36,28,8,7,8,15,6,3,18,6,8,4,4
21,2301,droite,35,22,27,10,5,53,19,20,5,3,54,38,36,28,8,7,8,15,6,3,18,6,8,4,4
22,2486,droite,9,4,9,3,2,40,15,15,4,2,9,10,22,22,7,3,3,9,4,2,16,4,6,3,2
23,2621,droite,9,4,9,3,2,40,15,15,4,2,9,10,22,22,7,3,3,9,4,2,16,4,6,3,2
24,2740,droite,10,9,9,6,2,170,53,34,20,6,9,12,22,18,7,13,10,16,7,3,16,9,11,6,2
25,2799,droite,13,13,13,8,3,205,59,39,22,7,11,13,24,18,7,15,15,22,9,4,17,13,16,8,3
26,2919,droite,15,17,16,10,3,218,57,40,22,7,13,13,24,19,7,16,19,27,10,4,17,16,20,9,4
27,3104,droite,17,18,18,10,3,200,48,36,19,7,13,13,23,20,7,15,21,29,10,4,15,17,22,10,4
28,3243,droite,18,17,17,10,3,164,35,29,15,5,11,12,20,20,7,13,21,27,9,4,12,16,21,9,4
29,3373,droite,17,15,14,8,3,116,23,21,11,4,10,11,17,19,7,10,17,22,8,3,9,14,17,8,3
30,3515,droite,15,12,11,6,3,74,15,16,8,4,9,13,16,20,7,8,13,16,6,3,7,11,13,6,3
31,3617,droite,12,11,8,4,3,44,10,13,6,4,11,17,16,21,8,6,10,10,5,3,6,8,9,4,3
32,3691,droite,12,11,8,4,3,44,10,13,6,4,11,17,16,21,8,6,10,10,5,3,6,8,9,4,3
33,3870,droite,11,10,6,3,3,23,8,14,7,5,21,25,23,27,11,6,7,5,5,3,8,7,6,3,3
34,3948,droite,19,11,6,3,4,28,7,13,7,6,26,26,26,29,12,8,8,4,6,4,13,8,6,3,4
35,4061,droite,43,12,6,3,4,43,6,12,6,6,29,24,30,29,13,11,8,4,6,4,24,9,6,3,4
36,4179,droite,43,12,6,3,4,43,6,12,6,6,29,24,30,29,13,11,8,4,6,4,24,9,6,3,4
37,4378,droite,140,18,5,3,4,92,6,7,5,5,23,16,37,27,13,17,8,4,6,4,62,11,6,3,4
38,4468,droite,231,31,14,10,3,116,5,6,5,3,11,10,49,24,11,18,8,11,11,3,94,19,14,10,3
39,4635,droite,204,32,20,15,4,95,5,8,6,2,11,10,48,24,11,18,11,16,15,3,85,23,20,15,3
40,4775,droite,44,22,25,21,4,23,7,10,7,1,10,9,20,20,12,28,15,18,19,3,39,22,26,20,4
41,4861,droite,36,20,21,16,4,22,8,9,5,1,9,9,14,17,11,29,13,14,15,2,39,19,21,15,3
42,4950,droite,35,14,12,5,2,31,12,6,3,1,11,11,10,8,5,30,8,7,4,1,44,11,10,5,2
43,5132,droite,36,11,10,4,2,37,11,6,3,2,14,14,14,7,4,33,7,7,3,1,45,9,8,4,2
44,5277,droite,35,6,8,3,2,48,9,6,4,2,19,18,25,5,3,37,5,8,3,2,41,6,6,3,2
45,5368,droite,35,6,8,3,2,48,9,6,4,2,19,18,25,5,3,37,5,8,3,2,41,6,6,3,2
46,5420,droite,25,6,6,4,1,45,6,4,3,2,18,15,24,9,4,22,5,5,3,2,20,6,4,3,1
47,5568,droite,22,9,6,5,2,41,7,3,4,2,18,12,21,12,5,17,6,5,4,2,15,8,4,3,2
48,5716,droite,20,12,6,6,2,38,9,3,4,2,19,9,18,16,7,15,9,5,5,2,13,12,5,4,2
49,5871,droite,19,15,7,7,2,35,10,4,5,2,21,7,16,18,8,17,13,6,6,3,16,16,6,6,3
50,6025,droite,29,19,8,9,3,37,13,4,6,2,25,7,18,18,9,40,23,10,9,3,36,27,9,9,4
51,6128,droite,39,21,8,9,3,42,14,4,5,2,25,8,20,16,8,57,28,11,10,3,50,31,11,10,4
52,6234,droite,61,25,10,7,2,57,13,6,3,2,20,15,27,13,8,84,31,12,8,3,70,34,13,9,2
53,6395,droite,57,25,10,6,2,54,13,7,3,2,18,17,29,14,8,75,27,12,7,3,62,30,12,7,2
54,6451,droite,48,24,9,4,1,45,12,7,3,2,16,19,30,14,8,59,22,10,6,3,49,24,9,5,1
55,6613,droite,37,21,8,3,1,37,11,7,3,2,14,19,30,13,7,41,16,8,5,2,35,17,7,3,1
56,6727,droite,26,18,7,2,2,30,10,7,2,2,11,18,28,11,7,27,12,6,4,2,26,13,6,3,2
57,6900,droite,28,19,13,6,5,33,12,10,5,4,10,16,26,8,6,18,11,5,4,2,26,20,10,8,5
58,6961,droite,84,50,57,41,28,69,27,34,24,16,14,17,27,8,7,18,16,6,6,4,60,73,47,44,28
59,7133,droite,250,150,183,143,93,170,74,105,79,51,25,25,33,11,11,27,32,13,14,8,165,220,152,150,92
60,7258,droite,1575,1041,1260,1005,632,966,477,727,537,337,117,101,71,45,45,122,153,110,94,43,1112,1413,1043,1046,624
61,7322,droite,1575,1041,1260,1005,632,966,477,727,537,337,117,101,71,45,45,122,153,110,94,43,1112,1413,1043,1046,624
62,7454,droite,1608,1078,1304,1037,649,989,492,756,555,346,118,102,67,48,46,130,158,126,103,45,1159,1451,1080,1081,640
63,7595,droite,1413,959,1158,918,571,875,436,676,492,305,103,88,54,46,42,123,143,126,97,40,1037,1280,962,959,563
64,7747,droite,657,456,548,431,264,428,210,328,234,142,49,41,23,32,22,77,77,82,57,20,507,601,462,454,260
65,7892,droite,326,229,272,213,129,228,112,168,118,71,26,21,13,25,13,57,48,53,34,11,267,300,235,226,126
66,8043,droite,128,88,99,77,45,108,59,69,47,29,12,10,9,20,7,49,30,31,18,6,120,114,90,82,44
67,8115,droite,128,88,99,77,45,108,59,69,47,29,12,10,9,20,7,49,30,31,18,6,120,114,90,82,44
68,8191,droite,53,33,25,18,11,94,83,58,44,29,8,9,12,18,6,57,32,24,14,8,66,38,28,21,12
69,8418,droite,57,39,13,7,5,1652,1592,1322,1218,737,49,139,119,73,53,351,330,254,239,147,145,101,67,64,39
70,8500,droite,50,34,13,8,5,2137,2023,1704,1576,948,67,177,151,89,68,430,410,324,310,187,155,117,83,82,48
71,8669,droite,40,26,12,8,4,2362,2201,1871,1737,1038,79,196,167,95,75,460,439,354,342,204,151,119,90,90,52
72,8764,droite,33,18,12,9,4,2245,2063,1763,1641,975,88,190,162,88,71,430,406,333,325,192,134,106,84,86,48
73,8940,droite,29,12,11,8,4,1831,1656,1419,1325,783,97,167,138,71,60,350,323,269,264,154,110,84,70,71,39
74,9020,droite,32,10,12,8,3,1274,1129,963,900,527,123,145,108,51,45,251,223,188,184,105,86,59,53,52,29
75,9120,droite,37,10,13,7,4,775,662,555,516,298,189,155,100,46,39,193,163,143,136,76,106,77,77,68,44
76,9197,droite,43,13,15,7,5,486,398,332,298,169,321,230,154,84,60,247,217,206,185,105,255,220,216,185,126
77,9361,droite,43,13,15,7,5,486,398,332,298,169,321,230,154,84,60,247,217,206,185,105,255,220,216,185,126
78,9536,droite,30,17,18,11,12,1201,1044,983,841,483,1240,1005,966,741,412,1580,1489,1437,1272,749,2071,1999,1901,1647,1089
79,9633,droite,14,15,16,11,10,1209,1029,974,831,479,1213,1002,991,851,448,1602,1502,1436,1260,745,2067,2008,1904,1650,1080
80,9731,droite,14,15,16,11,10,1209,1029,974,831,479,1213,1002,991,851,448,1602,1502,1436,1260,745,2067,2008,1904,1650,1080
81,9925,droite,10,13,15,9,8,974,811,769,652,376,1002,826,808,743,379,1277,1194,1138,991,586,1633,1588,1505,1303,849
82,10010,droite,14,6,7,4,2,68,38,31,22,12,128,103,61,94,40,46,46,47,33,19,55,51,52,43,26
83,10120,droite,18,7,5,4,2,38,13,8,4,2,60,53,24,39,16,8,9,11,5,3,8,7,8,5,3
84,10222,droite,18,7,5,4,2,38,13,8,4,2,60,53,24,39,16,8,9,11,5,3,8,7,8,5,3
85,10426,droite,64,33,31,28,18,56,8,7,7,4,53,65,44,46,23,19,26,18,16,9,65,41,45,38,25
86,10542,droite,165,107,107,93,62,83,15,16,15,11,133,156,132,137,70,52,74,54,50,29,217,147,157,135,89
87,10643,droite,348,250,250,216,144,123,28,35,31,22,287,325,298,305,157,116,161,122,114,67,492,351,367,316,207
88,10762,droite,590,450,445,383,254,171,47,61,51,38,501,549,524,531,274,207,276,216,201,119,860,633,653,562,367
89,10869,droite,829,657,642,554,365,215,67,88,72,53,727,772,752,758,392,304,389,312,289,171,1225,924,943,812,528
90,10991,droite,693,599,548,474,306,174,71,87,66,46,733,672,646,638,335,290,315,272,247,145,1033,831,806,692,443
91,11217,droite,693,599,548,474,306,174,71,87,66,46,733,672,646,638,335,290,315,272,247,145,1033,831,806,692,443
92,11326,droite,448,391,348,302,192,126,60,66,49,30,541,450,412,404,216,199,204,178,159,92,660,539,510,437,277
93,11444,droite,243,211,180,156,96,88,53,50,35,18,376,261,213,206,114,120,116,99,86,47,347,289,260,222,138
94,11559,droite,61,49,33,29,11,56,51,37,25,7,211,81,29,28,22,52,48,30,23,8,71,66,40,33,14
95,11683,droite,61,49,33,29,11,56,51,37,25,7,211,81,29,28,22,52,48,30,23,8,71,66,40,33,14
96,11797,droite,50,40,25,21,6,57,51,33,23,6,178,58,14,16,14,51,46,26,20,6,57,54,27,22,6
97,11923,droite,49,41,24,20,6,59,47,28,20,6,143,45,11,16,12,54,46,26,20,7,62,54,27,21,6
98,12043,droite,47,40,22,18,6,61,41,21,16,5,105,32,9,17,10,54,43,25,18,7,63,51,25,19,7
99,12172,droite,20,16,7,5,3,43,17,6,4,2,64,19,17,19,9,25,14,8,6,4,30,17,8,6,4
100,12290,droite,10,10,3,2,2,36,11,4,2,2,56,34,34,11,7,13,6,3,3,3,20,10,4,4,3
101,12420,droite,11,10,3,3,3,34,10,5,2,2,45,38,34,9,7,14,8,5,4,3,23,13,6,5,3
102,12544,droite,10,10,4,3,3,29,10,5,3,3,34,38,32,8,7,15,10,7,4,4,24,15,9,6,4
103,12544,droite,9,10,5,3,4,22,9,6,3,3,26,36,26,7,7,14,12,9,5,4,23,17,11,6,5
104,12801,droite,7,7,6,4,4,10,7,8,5,4,28,25,14,8,8,9,13,11,4,4,17,15,12,5,5
105,12937,droite,8,6,5,3,2,14,7,5,4,2,60,30,27,15,9,5,7,6,3,2,9,7,5,2,2
106,13065,droite,8,6,4,3,1,16,8,4,3,2,57,31,27,17,8,5,6,6,3,2,7,6,4,2,2
107,13199,droite,13,5,3,4,2,29,12,4,4,2,15,20,16,12,4,8,4,4,4,2,4,3,1,2,1
108,13334,droite,13,5,3,4,2,29,12,4,4,2,15,20,16,12,4,8,4,4,4,2,4,3,1,2,1
109,13463,droite,13,5,2,2,2,22,8,2,2,1,9,11,7,9,7,6,3,3,2,1,7,3,1,1,1
110,13600,droite,64,62,45,34,9,100,78,74,59,26,174,146,121,108,40,109,108,100,73,30,452,437,404,303,113
111,13734,droite,155,147,109,82,22,213,189,184,146,64,429,354,303,257,90,267,269,247,182,74,1132,1103,1012,756,283
112,13739,droite,456,363,276,214,55,524,496,490,382,166,1214,922,819,657,224,716,726,646,474,192,3081,2957,2669,1975,739
113,13864,droite,310,236,179,140,36,348,324,320,249,107,805,604,537,426,146,470,474,419,308,124,2013,1921,1730,1278,478
114,14008,droite,174,123,93,74,19,189,171,167,130,56,430,319,284,222,77,248,247,216,160,64,1050,994,892,658,246
115,14145,droite,79,48,36,30,8,79,68,65,51,21,174,128,112,87,31,97,94,81,61,24,400,373,334,246,92
116,14292,droite,79,48,36,30,8,79,68,65,51,21,174,128,112,87,31,97,94,81,61,24,400,373,334,246,92
117,14434,droite,12,4,3,3,1,18,6,4,3,1,15,9,8,9,4,6,3,2,3,1,9,7,5,5,2
118,14580,droite,8,4,2,2,1,27,6,3,2,1,13,6,7,10,5,4,2,1,2,1,3,2,1,1,1
119,14716,droite,6,4,2,1,1,40,7,3,2,1,13,7,8,12,7,5,3,1,2,1,4,2,1,1,1
120,14863,droite,7,5,2,2,1,54,7,3,2,1,12,9,11,15,9,6,3,1,2,1,5,3,1,1,1
121,14863,droite,9,6,2,2,1,65,8,3,2,2,12,12,16,18,11,8,4,1,2,1,7,3,1,2,1
122,15004,droite,12,6,1,2,2,69,8,3,1,2,12,15,23,21,12,9,5,1,2,2,9,4,1,2,2
123,15156,droite,15,6,1,1,2,66,8,4,1,2,11,17,30,23,12,9,5,2,2,2,12,4,1,2,2
124,15295,droite,22,7,1,1,2,57,8,4,1,2,12,17,37,25,11,8,5,2,2,2,17,4,1,1,2
125,15450,droite,34,9,1,1,3,45,8,4,1,3,12,15,43,25,10,7,5,2,2,3,27,5,1,1,3
126,15593,droite,52,12,2,1,3,34,7,4,1,3,12,13,48,25,9,6,5,2,3,3,39,6,2,1,3
127,15751,droite,91,23,6,3,3,26,7,2,2,3,10,7,53,23,10,4,4,4,3,3,67,16,4,2,3
128,15755,droite,85,22,6,3,3,33,8,1,2,3,9,7,51,23,10,3,4,4,3,3,62,17,5,2,3
129,15899,droite,69,20,6,4,3,43,9,1,2,2,9,6,47,23,10,3,5,4,3,2,50,16,5,3,3
130,16064,droite,49,15,6,3,3,53,10,1,2,2,10,5,42,22,10,3,5,4,3,2,35,13,4,3,2
131,16209,droite,31,11,5,3,3,62,12,1,2,2,11,4,36,20,9,4,5,4,3,2,22,10,3,3,2
132,16213,droite,31,11,5,3,3,62,12,1,2,2,11,4,36,20,9,4,5,4,3,2,22,10,3,3,2
133,16372,droite,15,6,3,3,2,68,14,3,3,2,13,3,30,13,6,9,5,3,3,2,10,5,2,3,2
134,16522,droite,16,6,3,3,2,56,14,4,4,2,13,4,35,9,5,15,5,3,4,2,12,4,2,3,2
135,16693,droite,16,6,3,3,2,56,14,4,4,2,13,4,35,9,5,15,5,3,4,2,12,4,2,3,2
136,16843,droite,46,6,8,3,3,66,16,9,4,3,16,25,34,19,7,46,7,8,5,3,49,7,6,3,2
137,17007,droite,73,7,9,3,3,92,17,11,3,3,16,30,28,20,7,72,9,10,5,3,80,9,7,3,2
138,17010,droite,133,10,11,2,2,139,13,13,2,2,13,25,10,17,5,124,12,13,3,2,147,12,9,2,2
139,17162,droite,63,5,5,1,1,61,5,7,1,1,19,13,5,12,3,76,9,10,2,1,88,8,5,1,1
140,17330,droite,21,3,2,1,1,33,4,4,1,1,23,15,6,12,2,43,6,7,2,1,48,4,3,1,1
141,17487,droite,14,2,1,1,1,35,5,4,1,1,23,18,6,11,2,33,4,5,2,1,36,3,2,1,1
142,17490,droite,14,2,1,1,1,41,5,3,1,1,23,20,6,10,2,25,3,4,1,1,28,3,2,1,1
143,17661,droite,16,3,2,2,1,42,6,3,1,1,20,21,7,8,2,18,3,3,1,1,22,3,2,1,1
144,17820,droite,16,3,2,2,1,42,6,3,1,1,20,21,7,8,2,18,3,3,1,1,22,3,2,1,1
145,18004,droite,18,4,3,2,1,40,6,3,1,1,18,20,9,7,2,14,3,2,1,1,18,4,2,1,1
146,18008,droite,26,7,6,2,2,33,8,5,3,2,12,14,16,9,4,15,5,3,1,1,21,7,4,1,1
147,18182,droite,29,9,7,3,2,35,11,7,5,4,11,11,22,12,5,17,6,4,1,2,24,9,5,2,2
148,18357,droite,31,11,8,3,3,39,16,11,8,6,10,10,28,14,6,18,7,5,2,2,25,11,6,3,3
149,18357,droite,29,13,8,4,4,47,23,15,12,9,12,11,35,15,7,18,7,7,3,3,24,12,6,4,5
150,18544,droite,29,13,8,4,4,47,23,15,12,9,12,11,35,15,7,18,7,7,3,3,24,12,6,4,5
151,18544,droite,25,13,7,5,5,53,29,19,15,12,14,13,41,16,7,17,9,11,5,4,21,13,5,5,6
152,18904,droite,13,12,4,6,5,58,32,20,17,13,20,15,51,16,6,16,12,24,14,6,13,11,3,6,6
153,18904,droite,13,12,4,6,5,58,32,20,17,13,20,15,51,16,6,16,12,24,14,6,13,11,3,6,6
154,19095,droite,15,10,4,4,2,41,14,6,6,4,32,9,44,23,5,15,16,25,26,8,13,4,1,3,2
155,19273,droite,21,10,4,4,2,39,15,5,4,2,35,10,38,24,5,15,16,18,22,7,16,4,2,3,2
156,19275,droite,25,9,3,3,1,35,17,6,3,2,37,10,31,23,5,14,16,12,17,7,18,4,2,3,2
157,19457,droite,27,8,3,3,1,31,20,8,3,2,37,11,26,21,6,14,16,7,12,5,19,5,2,2,2
158,19460,droite,26,7,3,2,1,29,23,11,4,2,35,11,22,17,6,14,15,4,7,4,19,5,2,2,1
159,19635,droite,23,5,3,2,1,30,26,15,5,3,32,11,19,14,5,13,13,3,4,3,18,4,2,2,1
160,19832,droite,18,4,3,2,1,34,29,18,6,4,29,11,19,10,5,12,11,3,3,2,16,4,2,2,1
161,20017,droite,14,3,3,2,1,40,31,21,6,5,26,14,21,8,6,11,8,5,3,2,15,4,2,2,1
162,20019,droite,17,4,5,3,1,46,32,22,7,6,25,17,26,8,6,10,7,7,4,2,14,5,3,3,1
163,20217,droite,37,7,6,3,2,53,31,21,6,6,25,22,35,9,7,9,8,9,5,2,15,7,4,3,2
164,20221,droite,37,7,6,3,2,53,31,21,6,6,25,22,35,9,7,9,8,9,5,2,15,7,4,3,2
165,20403,droite,173,21,10,4,3,66,30,18,5,5,25,26,51,19,9,12,18,15,6,4,34,22,10,5,3
166,20593,droite,279,34,12,5,4,73,32,17,5,4,24,25,54,26,10,16,26,18,7,4,57,35,14,7,4
167,20776,droite,377,47,14,7,4,82,36,17,5,4,25,23,53,32,11,20,34,20,8,5,87,51,19,9,5
168,20779,droite,443,61,21,11,6,112,62,35,16,6,65,56,82,53,15,26,39,22,9,6,134,91,39,20,8
169,20966,droite,501,243,185,105,21,1016,850,684,413,80,1698,1483,1308,659,117,62,73,48,29,9,1060,939,694,425,86
170,21150,droite,542,359,289,165,30,1593,1348,1106,671,128,2785,2411,2114,1048,185,81,97,64,41,10,1666,1459,1119,689,136
171,21150,droite,617,519,433,244,41,2492,2015,1708,1032,196,4319,3687,3230,1576,279,114,134,86,57,11,2526,2157,1702,1055,203
172,21350,droite,501,421,358,196,33,2491,1707,1462,877,173,3573,3005,2639,1277,231,125,119,77,45,9,2098,1755,1397,865,166
173,21534,droite,455,284,178,60,28,1949,1027,450,268,90,784,477,326,134,52,202,107,69,17,11,771,487,311,111,44
174,21537,droite,1253,760,406,140,68,3527,2069,835,408,164,1804,1034,518,197,102,436,239,116,39,21,1866,1143,578,198,95
175,21731,droite,2607,1560,778,277,131,6464,3838,1550,670,292,3750,2136,988,374,193,841,460,195,74,36,3817,2318,1076,387,185
176,21734,droite,4279,2527,1208,437,205,10227,5985,2414,980,444,6193,3478,1566,586,301,1352,730,291,114,55,6243,3736,1667,612,290
177,21918,droite,5796,3384,1572,572,269,13753,7890,3174,1238,575,8431,4675,2063,765,392,1827,972,377,147,71,8466,4991,2169,801,379
178,22121,droite,6674,3844,1747,636,299,15816,8901,3570,1353,639,9717,5326,2309,853,437,2106,1102,423,162,78,9751,5663,2409,891,422
179,22121,droite,5605,3116,1367,492,233,13292,7186,2868,1034,501,8099,4343,1822,674,346,1759,894,342,125,62,8192,4591,1881,690,329
180,22313,droite,5605,3116,1367,492,233,13292,7186,2868,1034,501,8099,4343,1822,674,346,1759,894,342,125,62,8192,4591,1881,690,329
181,22521,droite,1139,544,228,77,39,2548,1247,500,161,83,1497,767,311,128,69,331,158,62,21,12,1613,803,305,107,53
182,22522,droite,119,25,13,5,4,204,54,26,8,6,74,45,32,25,18,22,12,5,3,3,117,34,12,5,4
183,22718,droite,119,25,13,5,4,204,54,26,8,6,74,45,32,25,18,22,12,5,3,3,117,34,12,5,4
184,22922,droite,48,23,9,6,4,31,3,2,2,2,17,16,25,13,7,5,5,2,2,2,35,17,6,5,3
185,22922,droite,63,38,14,8,5,28,4,4,3,2,28,26,34,15,7,11,10,5,3,2,63,37,18,10,5
186,23116,droite,118,84,40,18,8,46,19,16,6,3,170,136,100,41,17,66,52,34,13,6,246,170,95,40,18
187,23118,droite,272,200,116,42,18,118,67,55,18,8,642,479,296,114,46,237,179,119,41,17,800,574,323,127,52
188,23330,droite,1373,946,658,199,79,666,402,329,98,40,4211,2933,1658,594,240,1503,1052,720,228,91,4836,3496,1865,691,279
189,23528,droite,1670,1129,804,236,94,813,486,403,117,47,5198,3578,2006,708,285,1849,1272,880,273,109,5932,4278,2247,825,332
190,23530,droite,1748,1160,841,241,96,850,503,422,120,48,5475,3730,2079,723,290,1946,1316,920,280,111,6221,4475,2315,844,339
191,23747,droite,1581,1028,757,212,84,765,448,381,105,43,4942,3330,1847,633,253,1757,1170,826,246,97,5592,4011,2046,740,297
192,23749,droite,298,111,73,19,7,93,58,43,11,5,455,285,163,51,22,164,102,80,21,8,538,356,162,57,23
193,23963,droite,298,111,73,19,7,93,58,43,11,5,455,285,163,51,22,164,102,80,21,8,538,356,162,57,23
194,24200,droite,369,198,163,135,85,31,18,6,3,1,36,36,56,41,28,89,96,86,84,52,78,28,10,7,4
195,24200,droite,910,866,827,670,423,16,4,3,4,2,158,121,178,166,106,492,456,419,412,255,36,36,36,23,16
196,24432,droite,515,490,466,376,237,12,2,3,3,1,102,77,107,97,60,295,260,238,233,143,23,20,22,13,10
197,24433,droite,17,8,6,4,2,26,4,3,1,1,34,14,7,4,3,9,6,3,3,2,11,3,2,2,1
198,24673,droite,9,3,2,1,0,34,5,3,1,0,37,14,6,3,2,5,3,1,1,1,8,3,2,1,1
199,24674,droite,8,2,5,1,0,57,9,9,3,1,25,18,10,5,1,10,4,6,2,0,9,3,5,2,1
200,24897,droite,14,3,10,2,1,62,14,16,4,2,19,18,10,6,1,15,6,12,3,1,14,4,11,2,1
201,24897,droite,21,5,19,4,1,65,18,26,7,4,17,23,13,9,2,22,9,21,5,2,24,9,20,4,2
202,25138,droite,55,23,49,15,5,66,24,38,10,6,72,90,56,38,11,36,23,34,11,4,79,61,60,28,9
203,25138,droite,212,86,174,58,22,92,55,73,31,14,300,349,222,145,39,73,86,59,39,11,264,265,189,113,33
204,25363,droite,634,241,498,174,69,206,171,186,111,43,793,912,572,375,96,158,261,114,117,29,640,716,450,296,79
205,25363,droite,1393,521,1078,390,160,471,430,434,291,107,1537,1765,1091,720,179,314,583,215,265,65,1191,1412,829,571,147
206,25643,droite,2404,904,1851,691,286,890,837,817,570,208,2377,2734,1663,1112,268,530,1020,355,469,116,1795,2217,1242,882,220
207,25644,droite,3417,1306,2629,1010,419,1385,1316,1263,895,324,3065,3534,2114,1434,337,766,1466,505,684,171,2274,2899,1563,1137,277
208,25871,droite,3417,1306,2629,1010,419,1385,1316,1263,895,324,3065,3534,2114,1434,337,766,1466,505,684,171,2274,2899,1563,1137,277
209,25872,droite,1831,836,1428,647,262,1120,1076,984,708,256,939,1116,622,465,99,555,819,333,419,115,677,975,420,357,78
210,26124,droite,934,460,729,354,141,635,611,548,397,144,389,465,269,202,44,327,421,187,225,64,289,418,163,152,33
211,26124,droite,359,197,275,151,59,280,265,230,171,63,113,130,96,65,16,157,162,83,94,29,91,122,42,48,12
212,26358,droite,96,61,66,49,19,93,80,63,51,20,33,25,43,20,8,59,44,28,32,11,28,23,9,16,6
213,26359,droite,23,16,10,16,7,34,21,10,12,6,26,13,31,12,6,20,15,10,13,6,16,11,7,11,6
214,26618,droite,23,16,10,16,7,34,21,10,12,6,26,13,31,12,6,20,15,10,13,6,16,11,7,11,6
215,26619,droite,15,17,11,10,6,32,26,9,6,5,29,12,17,11,6,13,24,14,10,6,18,20,14,9,6
216,26861,droite,55,36,23,9,6,63,43,20,6,5,29,10,13,13,6,51,44,29,10,6,58,38,28,9,6
217,26861,droite,741,285,146,25,7,611,250,115,17,5,21,10,14,21,8,707,274,164,27,7,734,273,158,23,6
218,27127,droite,1086,400,194,33,6,884,344,150,22,5,20,12,14,23,8,1034,377,216,34,7,1071,380,207,31,6
219,27127,droite,1332,479,221,38,5,1076,408,171,25,5,20,14,13,24,9,1265,446,245,39,6,1306,453,235,35,5
220,27375,droite,1416,493,218,38,5,1133,418,168,25,4,21,15,13,24,9,1341,457,242,39,5,1383,466,231,36,5
221,27375,droite,1289,439,186,33,4,1020,370,144,22,3,21,16,13,23,8,1218,406,206,34,4,1253,414,196,32,4
222,27639,droite,1028,335,141,29,5,797,278,109,19,4,22,17,13,21,9,961,311,151,26,4,984,318,143,25,3
223,27641,droite,1028,335,141,29,5,797,278,109,19,4,22,17,13,21,9,961,311,151,26,4,984,318,143,25,3
224,27891,droite,2630,2604,1952,2293,1198,2323,1932,1484,1707,924,1111,1069,800,932,555,79,89,184,71,60,297,295,479,224,193
225,27892,droite,2458,2452,1795,2155,1116,2199,1817,1366,1603,861,1045,994,745,869,519,64,81,182,69,58,273,270,464,210,182
226,28158,droite,1985,1975,1407,1728,887,1790,1460,1072,1284,684,845,788,592,692,414,54,67,156,58,49,220,213,385,169,147
227,28159,droite,1343,1336,921,1161,589,1220,983,702,861,455,579,526,395,462,277,46,51,115,42,35,157,144,271,115,100
228,28415,droite,755,733,484,629,315,682,534,368,465,243,330,286,214,250,150,44,37,71,26,21,99,83,157,63,55
229,28415,droite,331,305,188,254,125,288,218,142,187,96,155,122,89,103,61,44,27,37,13,10,60,42,72,27,24
230,28690,droite,127,87,47,66,31,92,59,34,47,24,66,42,30,33,17,48,22,17,7,5,42,21,25,9,8
231,28691,droite,59,21,9,10,5,27,11,6,6,3,36,18,16,15,5,47,19,10,4,3,36,15,10,4,3
232,28693,droite,59,21,9,10,5,27,11,6,6,3,36,18,16,15,5,47,19,10,4,3,36,15,10,4,3
233,28952,droite,20,15,10,8,3,32,14,9,5,2,18,9,36,20,11,19,19,12,8,3,17,18,10,8,3
234,29234,droite,20,15,10,8,3,32,14,9,5,2,18,9,36,20,11,19,19,12,8,3,17,18,10,8,3
235,29234,droite,20,15,10,8,3,32,14,9,5,2,18,9,36,20,11,19,19,12,8,3,17,18,10,8,3
236,29237,droite,16,20,10,6,2,26,17,7,4,1,23,7,30,14,9,18,24,10,7,2,18,23,10,6,2
237,29510,droite,16,20,10,5,2,23,16,5,3,1,24,6,26,12,8,18,24,9,6,2,19,23,9,5,2
238,29513,droite,3,16,15,6,2,24,15,9,2,1,8,5,24,24,10,7,22,16,8,2,4,15,14,6,2
239,29794,droite,3,16,15,6,2,24,15,9,2,1,8,5,24,24,10,7,22,16,8,2,4,15,14,6,2
240,29797,droite,1,12,12,4,1,16,12,7,2,1,7,3,15,17,9,6,18,13,5,2,3,12,11,4,1
241,30061,droite,1,8,8,3,1,12,9,5,1,0,8,2,10,12,7,6,13,9,4,2,2,9,8,3,1
242,30064,droite,2,5,5,1,1,13,5,3,1,0,11,4,5,5,4,4,6,5,1,1,2,5,4,1,1
243,30064,droite,2,5,5,1,1,13,5,3,1,0,11,4,5,5,4,4,6,5,1,1,2,5,4,1,1
244,30386,droite,3,6,5,1,1,17,5,3,1,0,12,7,8,4,3,3,6,5,1,1,2,5,5,1,1
245,30386,droite,5,9,7,2,1,22,7,4,1,1,12,10,13,5,2,3,8,6,2,1,2,8,6,1,1
246,30671,droite,6,14,9,2,1,27,9,5,2,1,12,12,20,7,3,3,12,8,2,1,3,12,8,2,1
247,30672,droite,7,19,10,3,2,30,12,6,2,1,11,13,29,10,4,4,16,9,4,2,3,17,9,3,2
248,30683,droite,7,19,10,3,2,30,12,6,2,1,11,13,29,10,4,4,16,9,4,2,3,17,9,3,2
249,30964,droite,9,30,9,6,3,30,22,9,6,3,18,19,48,28,11,8,29,13,8,4,5,27,11,7,3
250,31261,droite,11,40,12,10,5,43,49,28,21,13,74,71,102,82,41,22,40,23,19,12,13,32,15,13,8
251,31261,droite,17,59,23,17,8,85,116,81,62,36,226,213,246,213,115,57,58,46,43,30,34,39,26,26,19
252,31264,droite,28,91,45,30,14,162,229,173,132,76,493,463,500,430,241,115,84,85,83,60,69,47,43,48,36
253,31554,droite,56,166,103,61,27,368,498,401,306,172,1167,1080,1146,949,545,256,141,174,177,132,161,66,84,99,77
254,31556,droite,56,166,103,61,27,368,498,401,306,172,1167,1080,1146,949,545,256,141,174,177,132,161,66,84,99,77
255,31858,droite,34,79,56,35,18,111,134,95,69,38,285,232,313,194,117,80,89,92,73,45,143,139,102,97,65
256,31861,droite,54,84,80,57,33,65,79,57,40,23,154,124,192,108,68,98,118,131,98,58,299,324,244,226,144
257,31861,droite,96,111,130,98,60,57,66,59,42,26,143,128,195,121,76,170,177,209,160,98,575,623,485,446,279
258,32170,droite,151,147,190,149,92,71,72,79,59,38,194,187,261,184,113,269,249,305,242,150,911,978,773,709,441
259,32170,droite,202,176,239,191,120,90,79,96,75,48,250,242,324,243,149,359,309,387,313,196,1210,1287,1021,936,581
260,32475,droite,142,114,160,121,75,57,46,56,47,30,156,145,198,170,95,242,195,253,195,121,781,833,638,579,353
261,32475,droite,142,114,160,121,75,57,46,56,47,30,156,145,198,170,95,242,195,253,195,121,781,833,638,579,353
262,32478,droite,88,79,107,73,44,34,32,37,29,18,98,84,119,109,56,145,126,164,114,70,454,494,370,329,199
263,32777,droite,22,38,42,16,10,10,18,16,8,5,48,23,30,35,11,28,48,59,21,12,68,95,71,45,27
264,32779,droite,12,29,30,8,5,7,15,13,4,3,52,19,20,23,5,11,34,42,9,5,18,39,35,11,7
265,33081,droite,12,29,30,8,5,7,15,13,4,3,52,19,20,23,5,11,34,42,9,5,18,39,35,11,7
266,33084,droite,12,22,25,6,5,12,19,16,7,4,65,23,19,18,5,7,29,34,7,4,9,26,27,6,4
267,33386,droite,136,117,133,90,36,366,282,277,196,66,333,176,197,127,44,64,154,90,69,19,54,133,75,56,16
268,33389,droite,330,303,320,230,87,1072,702,755,524,174,878,442,559,338,114,186,443,229,192,49,167,402,205,167,42
269,33389,droite,610,586,595,437,163,2257,1336,1521,1036,338,1836,867,1177,685,224,403,956,480,401,98,395,903,456,366,86
270,33702,droite,610,586,595,437,163,2257,1336,1521,1036,338,1836,867,1177,685,224,403,956,480,401,98,395,903,456,366,86
271,33702,droite,1138,1168,1130,843,308,5155,2691,3274,2168,686,4333,1867,2722,1508,472,1014,2302,1160,925,214,1115,2288,1189,902,198
272,33707,droite,1138,1168,1130,843,308,5155,2691,3274,2168,686,4333,1867,2722,1508,472,1014,2302,1160,925,214,1115,2288,1189,902,198
273,34014,droite,597,664,596,446,158,3882,1763,2226,1426,413,3587,1418,2159,1111,320,982,1929,1030,735,157,1240,2054,1171,795,160
274,34016,droite,336,369,321,239,83,2394,1063,1322,842,234,2292,905,1366,687,193,673,1234,674,463,97,872,1335,787,515,102
275,34346,droite,161,160,132,96,33,1186,521,618,393,103,1193,479,702,344,94,388,639,361,235,49,513,702,432,270,53
276,34349,droite,78,53,37,26,9,449,200,209,134,32,486,204,280,134,36,188,255,149,90,19,248,281,183,107,21
277,34663,droite,36,11,3,1,2,38,10,3,1,1,25,14,14,9,4,35,14,2,2,2,32,11,3,1,2
278,34666,droite,36,11,3,1,2,38,10,3,1,1,25,14,14,9,4,35,14,2,2,2,32,11,3,1,2
279,34666,droite,36,11,3,1,2,38,10,3,1,1,25,14,14,9,4,35,14,2,2,2,32,11,3,1,2
280,34672,droite,24,12,5,3,3,21,9,4,2,2,15,16,20,16,7,22,12,4,3,4,22,14,7,3,3
281,34998,droite,19,11,4,4,3,15,8,3,3,3,15,18,22,15,7,16,10,4,3,4,17,13,6,4,3
282,35002,droite,13,10,4,5,3,10,7,3,4,3,15,22,23,13,7,11,9,4,4,4,12,10,5,5,3
283,35332,droite,7,6,4,4,3,5,5,4,3,2,20,23,20,5,7,7,7,5,4,3,9,6,5,5,2
284,35334,droite,7,5,5,3,2,10,7,6,2,1,17,17,15,3,5,9,7,8,3,2,11,7,7,3,1
285,35659,droite,7,5,5,3,2,10,7,6,2,1,17,17,15,3,5,9,7,8,3,2,11,7,7,3,1
286,35662,droite,6,6,7,2,1,18,8,9,3,1,8,13,11,3,3,9,7,9,2,1,7,6,8,3,1
287,35663,droite,5,7,8,3,1,19,7,9,4,1,6,12,11,3,3,8,8,9,3,1,5,7,9,3,1
288,35980,droite,6,9,10,4,1,17,6,10,5,1,4,9,11,3,3,8,11,10,3,1,4,9,11,3,1
289,35982,droite,10,10,11,4,1,13,5,9,4,1,4,6,11,3,4,10,12,11,3,1,7,11,12,3,1
290,35987,droite,13,11,11,4,1,12,5,7,3,1,4,6,11,4,4,11,11,10,3,1,9,11,11,3,1
291,36295,droite,14,11,10,4,1,12,4,5,3,1,4,5,10,4,4,12,10,9,3,1,10,11,10,3,1
292,36304,droite,15,11,9,3,2,13,4,4,2,1,4,5,9,5,5,12,9,8,3,2,11,11,8,3,1
293,36305,droite,14,16,9,5,2,19,8,2,3,2,6,6,13,6,6,14,13,5,4,2,15,14,6,4,2
294,36650,droite,17,22,11,6,2,22,11,2,3,2,7,6,16,7,6,17,17,6,5,2,19,19,7,5,2
295,36650,droite,26,33,17,8,3,26,17,4,4,2,10,7,21,8,6,27,25,10,6,3,30,30,11,7,3
296,37014,droite,26,33,17,8,3,26,17,4,4,2,10,7,21,8,6,27,25,10,6,3,30,30,11,7,3
297,37015,droite,52,24,15,7,3,15,9,4,2,2,17,17,25,8,6,23,16,8,3,2,47,21,12,5,3
298,37018,droite,84,20,12,7,3,10,7,3,2,2,19,19,30,8,7,19,11,6,2,2,67,17,10,5,3
299,37371,droite,84,20,12,7,3,10,7,3,2,2,19,19,30,8,7,19,11,6,2,2,67,17,10,5,3
300,37374,droite,169,20,9,6,3,7,5,2,2,2,20,19,41,10,8,15,8,5,2,2,123,18,9,5,3
301,37374,droite,196,20,9,6,3,8,5,3,2,2,18,17,42,10,8,16,8,6,2,2,142,19,10,5,3
302,37729,droite,94,12,17,6,3,16,6,10,3,2,13,8,37,6,7,19,11,21,5,4,70,13,21,7,4
303,37729,droite,94,12,17,6,3,16,6,10,3,2,13,8,37,6,7,19,11,21,5,4,70,13,21,7,4
304,37744,droite,62,13,18,6,4,20,9,12,4,3,23,14,45,11,10,33,27,34,15,10,57,24,36,21,12
305,38084,droite,46,21,20,11,6,31,17,22,10,7,49,41,74,33,23,99,86,93,62,41,123,86,107,87,54
306,38089,droite,69,93,51,58,34,130,80,124,67,48,183,266,254,189,113,565,428,517,372,250,725,465,602,506,332
307,38454,droite,181,292,167,219,123,435,284,442,236,169,457,839,642,535,316,1572,1063,1424,973,664,2068,1113,1602,1313,885
308,38462,droite,203,315,188,245,136,478,320,489,259,185,475,889,662,551,326,1606,1063,1452,971,666,2116,1077,1609,1311,888
309,38462,droite,204,298,187,237,131,454,316,471,245,174,434,815,595,493,291,1415,921,1276,832,573,1859,900,1408,1133,766
310,38816,droite,217,266,177,204,109,374,274,396,200,142,370,663,475,388,225,1070,687,957,606,420,1479,729,1142,875,568
311,38818,droite,303,271,186,167,79,275,215,294,141,98,354,526,360,286,150,685,438,603,369,256,1328,810,1033,684,367
312,38821,droite,1136,692,470,198,35,169,114,111,33,12,901,741,389,291,49,96,98,73,43,15,3798,3294,2511,1176,180
313,39195,droite,1033,656,469,202,43,146,81,71,24,5,1202,1079,834,637,267,58,78,42,29,6,3671,3209,2400,1149,193
314,39198,droite,1033,656,469,202,43,146,81,71,24,5,1202,1079,834,637,267,58,78,42,29,6,3671,3209,2400,1149,193
315,39198,droite,522,321,234,126,52,66,38,29,13,4,1531,1448,1398,1186,691,25,32,15,12,3,1336,1256,973,521,138
316,39598,droite,404,218,159,105,58,42,26,17,10,4,1776,1653,1644,1441,876,15,16,6,6,1,635,663,532,329,125
317,39598,droite,404,218,159,105,58,42,26,17,10,4,1776,1653,1644,1441,876,15,16,6,6,1,635,663,532,329,125
318,39602,droite,357,134,100,84,55,27,18,11,7,4,1818,1609,1606,1453,897,8,5,2,2,1,251,300,243,191,105
319,39992,droite,330,106,83,69,44,25,15,10,6,3,1490,1292,1293,1173,721,8,5,2,2,1,225,244,196,152,84
320,39995,droite,284,74,63,50,30,25,12,8,5,3,1027,871,882,797,487,8,5,3,3,1,187,172,139,105,57
321,39995,droite,284,74,63,50,30,25,12,8,5,3,1027,871,882,797,487,8,5,3,3,1,187,172,139,105,57
322,40001,droite,256,56,60,50,26,28,10,6,5,2,260,192,217,185,112,11,9,4,6,2,161,58,53,37,20
323,40405,droite,411,179,185,160,96,34,14,9,9,4,101,62,80,61,39,15,11,5,7,3,216,67,66,52,31
324,40407,droite,1926,1514,1482,1287,810,68,54,47,42,25,127,130,84,69,59,41,18,12,11,7,671,402,398,338,218
325,40408,droite,2440,1981,1935,1677,1056,79,68,61,54,32,156,171,104,86,74,48,19,16,12,8,811,519,519,438,284
326,40825,droite,2680,2202,2150,1860,1170,83,74,68,59,35,170,192,114,94,81,51,18,19,12,9,868,572,576,485,315
327,40826,droite,840,641,632,541,338,31,26,24,18,11,73,78,44,31,26,20,11,14,5,4,278,170,175,142,91
328,40829,droite,377,267,266,224,139,20,15,13,8,5,55,50,27,16,13,14,10,10,4,2,134,76,77,60,38
329,41245,droite,46,23,14,6,2,12,6,5,2,1,61,30,17,6,4,12,10,5,3,1,26,19,11,4,1
330,41248,droite,64,30,18,8,3,11,5,5,2,1,60,28,16,6,4,13,9,5,3,1,35,23,14,5,2
331,41248,droite,86,36,22,10,3,9,5,6,2,1,53,23,16,6,4,12,8,6,3,1,46,26,17,7,2
332,41251,droite,112,42,27,12,4,7,4,7,2,1,42,17,14,5,4,11,7,7,3,1,60,29,20,8,2
333,41664,droite,112,42,27,12,4,7,4,7,2,1,42,17,14,5,4,11,7,7,3,1,60,29,20,8,2
334,41667,droite,187,59,32,15,4,6,4,7,3,1,24,9,11,4,5,9,7,8,4,1,107,40,23,10,3
335,41667,droite,234,70,33,16,4,7,5,6,3,1,21,9,10,4,6,9,8,8,4,1,137,47,23,11,3
336,42087,droite,274,78,31,17,4,7,6,5,4,1,22,11,9,4,8,9,10,7,4,2,165,53,22,12,3
337,42089,droite,199,57,21,11,4,33,42,22,22,12,307,308,312,225,157,7,18,10,4,4,464,411,319,306,181
338,42091,droite,143,49,19,11,4,73,85,46,48,24,690,695,700,514,342,6,23,13,5,4,898,892,723,699,414
339,42517,droite,97,48,17,11,5,128,141,78,82,41,1213,1214,1217,900,587,6,28,16,5,4,1504,1537,1268,1223,724
340,42521,droite,67,50,17,13,5,187,195,110,117,58,1745,1735,1730,1283,830,6,32,17,5,4,2129,2180,1819,1745,1032
341,42521,droite,53,52,17,15,5,228,231,134,140,69,2118,2095,2076,1544,992,6,33,17,5,4,2562,2614,2204,2099,1240
342,42524,droite,54,51,18,15,5,239,235,140,144,70,2199,2167,2135,1590,1017,6,31,16,5,4,2648,2686,2289,2159,1272
343,42936,droite,71,48,19,14,4,215,207,128,128,62,1957,1924,1885,1406,894,6,27,14,5,3,2356,2369,2044,1904,1119
344,42941,droite,103,44,20,13,4,165,156,101,98,47,1480,1453,1414,1057,669,7,22,13,6,3,1798,1778,1555,1425,835
345,42941,droite,103,44,20,13,4,165,156,101,98,47,1480,1453,1414,1057,669,7,22,13,6,3,1798,1778,1555,1425,835
346,43402,droite,171,42,20,10,3,62,54,39,34,15,462,454,433,331,205,12,17,11,9,3,637,557,497,432,249
347,43402,droite,171,42,20,10,3,62,54,39,34,15,462,454,433,331,205,12,17,11,9,3,637,557,497,432,249
348,43408,droite,173,45,14,8,3,24,16,10,8,3,47,46,40,41,22,19,19,10,10,4,157,71,46,35,18
349,43408,droite,173,45,14,8,3,24,16,10,8,3,47,46,40,41,22,19,19,10,10,4,157,71,46,35,18
350,43424,droite,147,44,11,7,3,23,15,6,5,2,20,18,14,22,10,22,21,9,9,4,111,39,10,9,4
351,43840,droite,107,43,6,5,3,22,16,6,3,3,18,13,16,18,10,25,22,6,6,4,84,38,5,5,3
352,43848,droite,111,44,5,4,3,22,15,6,2,3,17,11,19,16,10,25,21,5,5,4,88,39,4,4,3
353,44282,droite,128,44,4,3,3,23,14,6,2,3,16,9,24,15,10,25,19,4,4,4,100,39,4,3,4
354,44291,droite,128,44,4,3,3,23,14,6,2,3,16,9,24,15,10,25,19,4,4,4,100,39,4,3,4
355,44291,droite,150,38,6,4,3,23,9,7,3,3,14,7,33,14,10,20,14,3,4,3,114,35,6,4,4
356,44294,droite,329,258,250,232,149,19,5,7,4,3,130,151,145,126,79,131,170,146,114,69,263,212,206,194,124
357,44734,droite,700,634,607,565,363,16,5,7,5,4,306,357,301,289,177,315,391,349,274,164,570,516,499,471,301
358,44740,droite,700,634,607,565,363,16,5,7,5,4,306,357,301,289,177,315,391,349,274,164,570,516,499,471,301
359,44741,droite,1252,1176,1111,1034,663,15,5,6,6,5,558,647,517,518,315,581,698,631,499,296,1025,955,911,860,551
360,44743,droite,2320,2186,2033,1889,1213,14,6,4,8,8,1034,1180,900,940,562,1086,1252,1145,912,537,1903,1771,1667,1569,1009
361,45179,droite,2320,2186,2033,1889,1213,14,6,4,8,8,1034,1180,900,940,562,1086,1252,1145,912,537,1903,1771,1667,1569,1009
362,45184,droite,1345,1057,976,896,577,38,4,7,5,5,519,571,419,455,264,550,594,552,436,253,1086,860,801,744,480
363,45185,droite,605,225,203,171,110,57,6,15,4,3,108,116,94,96,53,138,122,123,85,50,458,188,169,143,92
364,45187,droite,605,225,203,171,110,57,6,15,4,3,108,116,94,96,53,138,122,123,85,50,458,188,169,143,92
365,45622,droite,492,74,64,40,26,61,7,18,4,3,30,32,36,31,15,68,40,48,21,13,353,66,55,35,22
366,45628,droite,492,74,64,40,26,61,7,18,4,3,30,32,36,31,15,68,40,48,21,13,353,66,55,35,22
367,45629,droite,204,22,21,7,4,24,10,10,3,2,4,10,5,14,5,30,25,20,7,3,124,15,14,6,3
368,46081,droite,204,22,21,7,4,24,10,10,3,2,4,10,5,14,5,30,25,20,7,3,124,15,14,6,3
369,46083,droite,3399,2818,1978,893,125,322,259,193,79,13,777,628,460,218,35,1903,1646,1148,530,79,445,386,262,121,17
370,46088,droite,5412,4453,3105,1397,191,507,405,303,121,19,1246,993,728,334,51,3042,2584,1795,829,121,699,600,402,187,24
371,46556,droite,6443,5097,3504,1552,202,586,464,344,135,20,1515,1151,841,369,54,3634,2932,2020,924,128,846,681,444,208,25
372,46558,droite,6443,5097,3504,1552,202,586,464,344,135,20,1515,1151,841,369,54,3634,2932,2020,924,128,846,681,444,208,25
373,46559,droite,2542,1949,1342,579,76,233,188,132,55,10,623,451,331,142,21,1441,1124,776,347,50,351,273,173,81,12
374,46565,droite,1123,841,618,256,43,114,104,67,35,9,290,198,151,63,10,642,483,352,150,27,187,146,88,52,13
375,47028,droite,470,409,367,189,63,95,111,78,58,21,111,70,64,27,6,259,205,176,86,30,207,151,111,91,30
376,47034,droite,470,409,367,189,63,95,111,78,58,21,111,70,64,27,6,259,205,176,86,30,207,151,111,91,30
377,47034,droite,531,627,567,396,150,193,231,183,141,54,56,44,54,27,7,246,253,222,149,61,468,312,279,223,76
378,47037,droite,2620,3122,2581,1962,711,969,1070,858,683,249,114,140,179,107,27,1120,1194,935,719,274,2244,1430,1418,1043,351
379,47500,droite,2620,3122,2581,1962,711,969,1070,858,683,249,114,140,179,107,27,1120,1194,935,719,274,2244,1430,1418,1043,351
380,47506,droite,2173,2533,2058,1579,570,794,858,678,550,200,97,113,145,94,23,919,964,741,581,221,1805,1140,1161,834,284
381,47506,droite,1552,1779,1432,1103,398,559,598,469,385,141,75,81,104,72,17,647,675,516,409,156,1262,793,823,583,200
382,47509,droite,917,1021,814,628,227,322,339,263,220,81,51,48,63,48,11,372,386,294,235,90,719,450,480,333,115
383,47980,droite,435,451,359,275,101,142,147,113,96,36,32,24,33,29,7,163,169,131,104,41,319,196,220,146,52
384,47987,droite,179,141,118,83,32,45,45,35,29,12,20,11,18,18,5,48,52,44,33,14,109,62,77,45,18
385,47987,droite,104,37,39,19,10,12,13,11,6,3,14,7,16,14,5,8,13,15,8,5,50,19,27,11,6
386,47990,droite,113,27,30,10,7,10,12,10,3,2,11,6,18,14,6,2,11,12,5,3,57,17,21,6,5
387,48497,droite,129,30,30,10,7,11,16,12,3,3,9,6,20,14,7,2,13,15,5,4,70,21,22,6,5
388,48499,droite,130,32,29,9,7,12,18,14,4,3,8,6,20,13,8,2,17,19,6,5,74,25,22,7,5
389,48500,droite,116,33,25,9,7,12,20,15,4,3,7,6,19,12,8,2,21,22,8,6,69,28,22,7,6
390,48502,droite,92,33,21,8,7,12,20,14,4,4,6,5,17,11,8,2,25,23,8,7,56,30,20,7,6
391,48992,droite,62,34,16,9,7,11,20,12,5,4,5,6,14,11,8,2,30,22,9,8,39,32,17,8,7
392,48995,droite,36,35,13,10,7,10,19,10,5,5,4,6,12,13,8,2,34,20,10,8,23,34,15,9,7
393,48996,droite,17,38,11,11,8,9,18,8,5,5,4,6,10,16,8,2,38,18,10,9,11,37,13,10,8
394,48999,droite,7,41,10,12,8,9,17,7,6,5,4,7,9,20,9,2,41,17,11,9,5,40,13,11,8
395,49484,droite,3,45,11,13,8,10,17,7,7,5,4,7,8,25,9,2,43,17,11,9,3,43,13,12,8
396,49489,droite,3,47,11,14,7,14,18,7,8,5,5,8,8,28,10,3,45,17,12,9,5,45,14,12,8
397,49490,droite,5,47,13,14,7,19,19,7,9,5,6,8,8,30,10,6,46,18,12,8,7,45,14,13,8
398,49492,droite,8,45,14,14,7,26,20,8,11,5,7,9,9,30,9,9,45,19,12,8,10,43,15,14,8
399,49957,droite,10,41,16,14,7,33,21,8,12,5,8,10,9,28,9,13,43,19,12,8,13,40,14,14,8
400,49960,droite,10,15,12,9,9,31,12,7,8,6,14,12,7,14,9,14,21,14,7,10,12,15,10,8,9
401,49961,droite,7,9,7,5,6,21,7,6,4,4,21,10,11,11,7,12,13,12,4,8,11,9,8,5,6
402,50430,droite,8,9,6,4,4,20,7,6,4,3,23,9,12,10,6,13,12,11,4,7,13,8,7,4,5
403,50430,droite,10,9,5,4,3,19,7,6,3,2,23,9,12,9,5,15,11,9,3,5,15,9,6,4,3
404,50432,droite,16,11,5,4,2,17,7,5,3,1,22,8,10,7,4,15,9,7,3,3,19,10,6,4,2
405,50433,droite,71,26,9,11,3,8,5,4,4,2,19,4,10,5,5,16,4,5,4,2,64,21,9,9,3
406,50904,droite,94,29,13,13,5,10,7,5,6,4,11,7,17,10,9,16,5,8,4,3,82,20,12,10,5
407,50905,droite,94,29,13,13,5,10,7,5,6,4,11,7,17,10,9,16,5,8,4,3,82,20,12,10,5
408,50907,droite,72,22,10,10,4,10,7,4,5,4,9,7,15,10,9,14,6,6,4,3,61,15,10,8,4
409,50908,droite,48,15,7,6,3,10,6,3,3,3,7,6,11,9,7,12,6,5,3,2,40,11,7,5,3
410,51376,droite,19,6,3,3,2,11,4,1,2,2,5,4,4,6,5,11,6,3,3,1,13,5,3,2,1
411,51377,droite,16,4,3,3,2,12,3,1,2,1,6,3,3,5,4,13,5,3,4,1,10,5,2,3,1
412,51381,droite,16,4,3,3,2,12,3,1,2,1,6,3,3,5,4,13,5,3,4,1,10,5,2,3,1
413,51382,droite,27,7,7,10,3,22,5,4,6,2,14,7,7,6,4,17,6,5,7,2,18,9,5,7,3
414,51899,droite,104,64,53,42,9,79,49,38,29,6,65,62,46,30,9,20,7,7,9,3,68,43,34,27,6
415,51899,droite,104,64,53,42,9,79,49,38,29,6,65,62,46,30,9,20,7,7,9,3,68,43,34,27,6
416,51902,droite,995,815,662,427,75,758,637,503,314,57,781,735,531,343,71,27,12,13,13,6,624,496,402,256,46
417,51902,droite,1908,1615,1311,829,144,1460,1265,1000,612,110,1559,1434,1038,677,137,28,15,15,14,7,1187,979,794,495,87
418,52390,droite,2938,2534,2059,1287,224,2256,1987,1572,952,172,2467,2226,1617,1061,212,27,19,16,16,8,1818,1535,1244,767,135
419,52390,droite,3783,3304,2687,1667,292,2914,2593,2053,1234,224,3239,2877,2099,1383,275,23,21,16,16,8,2330,2001,1620,992,175
420,52393,droite,3783,3304,2687,1667,292,2914,2593,2053,1234,224,3239,2877,2099,1383,275,23,21,16,16,8,2330,2001,1620,992,175
421,52393,droite,4157,3663,2982,1838,324,3210,2877,2279,1361,249,3614,3165,2319,1535,305,18,23,15,16,8,2551,2219,1796,1094,195
422,52879,droite,1177,1083,885,522,97,927,847,670,385,75,1071,886,675,453,97,6,25,9,8,6,716,667,535,312,59
423,52880,droite,485,467,378,215,42,389,359,282,158,32,447,361,284,193,47,5,26,9,7,6,296,294,230,130,26
424,52883,droite,8,28,16,4,3,12,13,6,3,2,3,4,8,7,9,11,26,10,4,4,8,26,13,4,3
425,52884,droite,9,24,15,3,3,13,13,5,3,2,3,5,8,7,8,16,24,11,4,4,11,23,12,3,2
426,53366,droite,12,14,10,3,3,14,12,5,2,3,3,6,7,10,7,24,19,10,3,3,15,15,9,3,3
427,53366,droite,12,14,10,3,3,14,12,5,2,3,3,6,7,10,7,24,19,10,3,3,15,15,9,3,3
428,53369,droite,12,11,7,3,3,13,11,4,3,3,2,7,7,13,7,25,16,9,3,3,15,12,7,3,3
429,53370,droite,10,8,5,3,3,12,10,3,3,3,2,7,6,15,7,22,14,8,4,3,13,10,6,3,3
430,53871,droite,8,7,4,4,3,10,9,3,3,3,3,7,5,16,7,17,13,7,4,3,11,9,4,3,3
431,53871,droite,6,8,5,4,3,7,11,3,3,3,4,6,5,19,7,7,15,7,4,4,5,10,5,4,3
432,53873,droite,7,10,7,4,3,7,14,3,4,3,5,7,7,20,7,5,17,9,4,4,5,11,6,4,3
433,53874,droite,10,13,8,4,3,8,18,4,4,3,6,8,11,20,7,6,18,10,4,4,7,14,8,4,3
434,54378,droite,17,16,10,5,3,11,22,5,5,3,8,10,17,20,7,7,20,12,4,3,12,17,9,5,3
435,54379,droite,17,16,10,5,3,11,22,5,5,3,8,10,17,20,7,7,20,12,4,3,12,17,9,5,3
436,54382,droite,34,23,12,6,4,14,26,5,5,4,10,12,23,19,7,9,20,12,4,3,23,23,10,6,4
437,54382,droite,114,48,15,6,5,22,30,6,6,5,12,14,32,18,7,9,23,11,5,4,66,42,12,6,5
438,54913,droite,168,64,17,7,5,24,31,7,6,5,14,14,33,19,8,9,26,10,6,5,94,54,13,6,5
439,54913,droite,168,64,17,7,5,24,31,7,6,5,14,14,33,19,8,9,26,10,6,5,94,54,13,6,5
440,54916,droite,196,79,31,8,8,26,22,12,5,5,35,7,26,21,10,18,43,25,9,11,114,61,27,7,7
441,54917,droite,49,36,33,12,11,36,17,17,7,7,40,7,33,13,6,27,35,41,10,15,41,33,34,11,10
442,55411,droite,35,28,31,12,10,46,18,18,8,7,34,7,32,11,5,33,32,40,11,14,37,29,33,12,10
443,55412,droite,35,28,31,12,10,46,18,18,8,7,34,7,32,11,5,33,32,40,11,14,37,29,33,12,10
444,55419,droite,43,25,27,13,8,60,20,18,9,6,26,8,28,10,4,44,29,36,11,11,45,28,29,12,8
445,55420,droite,73,14,11,9,2,79,20,11,8,2,6,8,7,10,5,64,16,15,10,3,71,18,12,8,2
446,55422,droite,73,14,11,9,2,79,20,11,8,2,6,8,7,10,5,64,16,15,10,3,71,18,12,8,2
447,55978,droite,261,237,237,169,73,307,259,225,153,66,526,517,453,338,122,415,245,131,91,28,298,265,261,184,79
448,55980,droite,548,513,537,392,169,532,502,482,345,147,1258,1212,1026,786,279,679,443,260,200,56,608,570,590,428,182
449,55980,droite,960,882,941,694,297,845,818,824,603,256,2266,2159,1788,1394,491,999,703,437,346,92,1050,975,1032,756,320
450,55983,droite,1405,1252,1349,998,427,1178,1129,1163,863,366,3305,3126,2548,2010,704,1301,966,617,493,129,1527,1381,1477,1088,459
451,56474,droite,1753,1506,1631,1208,516,1434,1337,1394,1042,441,4044,3808,3064,2437,850,1488,1150,745,595,154,1898,1660,1783,1317,554
452,56479,droite,1879,1557,1688,1250,533,1517,1369,1434,1077,456,4225,3966,3157,2527,879,1492,1188,774,615,159,2032,1715,1844,1362,573
453,56479,droite,1737,1385,1500,1108,473,1391,1210,1268,955,404,3778,3542,2795,2248,780,1308,1065,694,547,142,1879,1526,1636,1208,509
454,56487,droite,1374,1052,1132,833,358,1093,914,953,719,305,2865,2687,2107,1700,588,990,821,531,414,109,1489,1159,1234,909,385
455,57029,droite,915,668,709,518,225,723,578,596,448,192,1797,1690,1325,1069,369,636,532,339,261,71,996,738,773,566,242
456,57038,droite,495,343,355,253,114,391,297,299,219,97,923,852,689,533,185,334,285,174,132,40,569,393,400,276,123
457,57038,droite,495,343,355,253,114,391,297,299,219,97,923,852,689,533,185,334,285,174,132,40,569,393,400,276,123
458,57041,droite,91,69,50,23,17,184,163,86,34,17,1382,870,502,152,52,105,103,53,25,13,1009,722,398,109,41
459,57532,droite,164,171,98,35,14,900,803,375,126,35,8531,5242,2661,767,233,414,361,219,74,23,6120,4340,2266,641,172
460,57536,droite,201,205,117,42,15,1116,974,462,155,41,10519,6417,3259,955,289,513,437,268,89,26,7556,5316,2786,796,211
461,57536,droite,211,213,122,44,14,1181,1012,487,163,43,11077,6710,3412,1018,307,543,456,282,93,26,7960,5567,2928,846,222
462,57541,droite,148,147,85,30,10,825,687,340,114,30,7688,4581,2338,726,218,381,312,198,65,19,5513,3815,2024,598,156
463,58075,droite,148,147,85,30,10,825,687,340,114,30,7688,4581,2338,726,218,381,312,198,65,19,5513,3815,2024,598,156
464,58078,droite,13,3,13,4,2,14,8,6,3,1,17,7,24,6,5,12,4,18,4,2,18,2,18,6,2
465,58079,droite,14,3,15,5,2,14,7,7,4,2,14,8,24,6,4,13,4,20,5,3,20,2,21,7,2
466,58085,droite,84,66,73,60,37,12,5,7,3,2,60,64,77,57,38,52,42,58,41,26,30,8,26,13,6
467,58085,droite,84,66,73,60,37,12,5,7,3,2,60,64,77,57,38,52,42,58,41,26,30,8,26,13,6
468,58630,droite,84,66,73,60,37,12,5,7,3,2,60,64,77,57,38,52,42,58,41,26,30,8,26,13,6
469,58631,droite,3158,2122,1832,1783,1127,42,25,15,16,12,2200,2069,1890,1751,1104,1563,1383,1274,1186,773,497,215,165,187,121
470,58633,droite,3441,2252,1932,1888,1190,47,29,16,17,12,2366,2195,1990,1856,1165,1682,1470,1346,1255,816,549,229,173,198,127
471,58634,droite,1709,1017,854,850,531,34,21,7,9,6,1125,990,876,841,520,804,667,598,564,364,289,107,75,91,57
472,59151,droite,102,46,35,34,21,23,7,3,2,1,61,43,45,39,24,53,32,26,23,15,35,10,7,5,3
473,59152,droite,20,10,15,3,2,42,10,14,3,2,15,12,13,8,5,24,12,19,3,2,39,13,17,3,2
474,59155,droite,20,10,15,3,2,42,10,14,3,2,15,12,13,8,5,24,12,19,3,2,39,13,17,3,2
475,59156,droite,33,25,24,15,6,329,296,273,190,64,224,206,192,114,41,242,230,204,151,53,441,404,362,277,97
476,59700,droite,53,42,37,29,12,628,594,542,381,127,446,408,383,225,78,482,449,394,301,106,868,796,713,553,194
477,59701,droite,105,90,76,67,33,984,953,869,614,204,713,645,606,354,121,790,722,629,487,180,1380,1257,1125,876,310
478,59705,droite,235,212,183,165,93,1307,1283,1174,834,279,952,847,798,464,157,1121,1010,877,686,273,1842,1662,1482,1155,413
479,59705,droite,235,212,183,165,93,1307,1283,1174,834,279,952,847,798,464,157,1121,1010,877,686,273,1842,1662,1482,1155,413
480,60270,droite,824,766,672,614,373,1528,1522,1406,1028,364,1057,904,861,495,167,1621,1451,1250,1017,483,2081,1850,1624,1271,472
481,60271,droite,1197,1114,977,896,547,1377,1375,1275,957,358,887,741,713,405,137,1693,1524,1310,1092,563,1785,1578,1367,1075,411
482,60273,droite,1592,1472,1288,1191,724,806,804,742,606,268,372,291,294,157,56,1424,1307,1123,987,569,842,737,607,494,210
483,60273,droite,1592,1472,1288,1191,724,806,804,742,606,268,372,291,294,157,56,1424,1307,1123,987,569,842,737,607,494,210
484,60276,droite,1472,1355,1184,1098,665,540,533,485,420,205,174,128,143,70,27,1141,1057,911,818,486,457,399,317,268,125